Title	Genre
Roadie (2011)	Comedy|Drama|Music
Yonkers Joe (2008)	Drama
Tetro (2009)	Drama
Tini nezabutykh predkiv. Tayemnytsi molfara (2013)	Adventure|Fantasy|Mystery
The Trouble with the Truth (2011)	Drama
AssociÌ©s contre le crime: L'oeuf d'Ambroise (2012)	Comedy|Crime
The Irish Pub (2013)	Documentary|History|Music
Maya the Bee Movie (2014)	Animation|Adventure|Comedy
Barbarian Queen II: The Empress Strikes Back (1990)	Action|Adventure|Fantasy
Super Demetrios (2011)	Action|Adventure|Comedy
Annie: A Royal Adventure! (1995)	Family|Musical
Raincoat (2004)	Drama|Romance
Deep Rising (1998)	Action|Adventure|Horror
Seventh Heaven (1997)	Drama
Beauty and the Beast: The Enchanted Christmas (1997)	Animation|Family|Fantasy
Gypo (2005)	Drama|Family
MÌÁncora (2008)	Drama
Stiletto (2008)	Action|Crime|Drama
Sin hijos (2015)	Comedy|Romance
Orgasm Inc. (2009)	Documentary
The Talent Given Us (2004)	Comedy|Drama
The Lords of Salem (2012)	Horror|Thriller
Einstein (2015)	Crime|Drama
Skins (2002)	Crime|Drama
Little Dieter Needs to Fly (1997)	Documentary|Biography|Drama
The Road Within (2014)	Comedy|Drama
Wonder Woman (2011)	Action|Adventure|Fantasy
The Work of Director Jonathan Glazer (2005)	Documentary|Music
PionÌ©r (2013)	Thriller
Slimtime (2010)	Animation|Short|Comedy
Sublime (2007)	Horror|Thriller
The Little Death (2014)	Comedy|Drama|Romance
The Heart Machine (2014)	Drama|Thriller
Space Dogs (2010)	Animation|Adventure|Comedy
SlingShot (2014)	Documentary|Biography|News
ChloÌ© (1996)	Drama|Romance
The Congress (2013)	Animation|Drama|Sci-Fi
All the Light in the Sky (2012)	Drama
The Italian Key (2011)	Comedy|Drama|Romance
Corbo (2014)	Biography|Crime|Drama
Frogs for Snakes (1998)	Comedy|Crime|Thriller
Mimic (1997)	Horror|Sci-Fi
The Other Me (2000)	Comedy|Family|Sci-Fi
All Cheerleaders Die (2013)	Fantasy|Horror
After Innocence (2005)	Documentary
The Girls in the Band (2011)	Documentary|Biography|History
The Bridge (2006)	Documentary|Drama
Everything Relative (1996)	Drama
Ladybugs (1992)	Comedy|Sport
The Objective (2008)	Horror|Sci-Fi|Thriller
Out in the Dark (2012)	Drama|Romance|Thriller
The Future (2011)	Comedy|Drama|Romance
Ye yan (2006)	Action|Drama|Fantasy
Barely Legal (2011)	Comedy
Ivory Tower (2014)	Documentary|Family|History
Aakrosh (2010)	Action|Crime|Drama
Numbered (2012)	Documentary
Lady in the Water (2006)	Drama|Fantasy|Mystery
The Chatterley Affair (2006)	Drama|Romance
Gantz: Perfect Answer (2011)	Action|Horror|Mystery
Merry Christmas, Drake & Josh (2008)	Comedy|Family
Winnie Mandela (2011)	Biography|Drama|History
The Testaments: Of One Fold and One Shepherd (2000)	Drama
Jean-Philippe (2006)	Comedy|Fantasy|Music
La mia classe (2013)	Drama
The Boxtrolls (2014)	Animation|Adventure|Comedy
Luther the Geek (1990)	Horror
Transformers: Age of Extinction (2014)	Action|Adventure|Sci-Fi
The Comedian (2012)	Drama|Romance
The Rainbow Thief (1990)	Fantasy|Drama
A Killer Among Us (2012)	Crime|Thriller
Inspector Gadget (1999)	Action|Adventure|Comedy
The Skeleton Twins (2014)	Comedy|Drama|Romance
Sisters (2015)	Comedy
The Codes of Gender (2010)	Documentary
Le vilain (2009)	Comedy
Thy Womb (2012)	Drama
Kami no tsuki (2014)	Drama
Goal! The Dream Begins (2005)	Drama|Romance|Sport
88 (2015)	Action|Thriller
In the Land of Women (2007)	Comedy|Drama|Romance
Excess Baggage (1997)	Action|Comedy|Crime
ZweiohrkÌ_ken (2009)	Comedy|Romance
Satan's Little Helper (2004)	Comedy|Horror
PokÌ©mon: Arceus and the Jewel of Life (2009)	Animation|Action|Adventure
Mom (1991)	Comedy|Horror
Army of Crime (2009)	Drama|History|War
The American Ruling Class (2005)	Comedy|Music
Thr3e (2006)	Drama|Horror|Mystery
Greenberg (2010)	Comedy|Drama|Romance
The Big I Am (2010)	Crime|Drama|Thriller
Ghost in the Shell 2: Innocence (2004)	Animation|Drama|Sci-Fi
Frame by Frame (2015)	Documentary|War
Nick of Time (1995)	Action|Crime|Drama
Lackawanna Blues (2005)	Drama|Music
Checking Out (2005)	Comedy
Poo-reun so-geum (2011)	Action|Crime|Romance
Hunger Point (2003)	Drama
Rob Roy (1995)	Adventure|Biography|History
Wilbur Wants to Kill Himself (2002)	Comedy|Drama|Romance
Haemoo (2014)	Drama
The Secret of Moonacre (2008)	Adventure|Family|Fantasy
RÌ_zgarlar (2013)	Drama
Strongman (2009)	Documentary
Hamlet (2009)	Drama
Kristus elab Siberis (2015)	Documentary
An Angel at My Table (1990)	Biography|Drama
Search for the Beast (1997)	Horror
The House of Yes (1997)	Comedy|Drama
Recep Ivedik 4 (2014)	Comedy
Kanojo no omoide (1995)	Animation|Adventure|Sci-Fi
The Boys of Baraka (2005)	Documentary
Mr. Woodcock (2007)	Comedy|Romance|Sport
Under sandet (2015)	Drama|History|War
Poi E (2016)	Documentary|Biography|Family
Bí©bí©'s Kids (1992)	Animation|Comedy|Fantasy
Buried (2010)	Drama|Mystery|Thriller
Rise of the Footsoldier (2007)	Biography|Crime|Drama
In Fear (2013)	Horror|Mystery|Thriller
Sur: The Melody of Life (2002)	Drama|Musical
The Tuskegee Airmen (1995)	Drama|History|War
Shoot the Messenger (2006)	Drama
Venice/Venice (1992)	Drama
Somm (2012)	Documentary
The Movie Out Here (2012)	Comedy
Agneepath (2012)	Action|Crime|Drama
A Dangerous Method (2011)	Biography|Drama|Romance
Toro (2016)	Crime|Drama|Thriller
The Princess and the Cobbler (1993)	Animation|Action|Adventure
The September Issue (2009)	Documentary
Noll tolerans (1999)	Action|Crime|Thriller
The Contender (2000)	Drama|Thriller
An Injury to One (2002)	Documentary
Bi-mong (2008)	Drama|Fantasy|Mystery
Molly Moon and the Incredible Book of Hypnotism (2015)	Adventure|Family
Krantiveer (1994)	Action|Drama|Romance
Chemical Wedding (2008)	Horror|Mystery|Sci-Fi
Bronson (2008)	Action|Biography|Crime
Happy Christmas (2014)	Comedy|Drama
The Company Men (2010)	Drama
Serial Mom (1994)	Comedy|Crime|Horror
Won't Anybody Listen (2001)	Documentary|Music
A Cinderella Story (2004)	Comedy|Family|Romance
Code of Honor (2016)	Action|Crime|Thriller
32A (2007)	Drama
Getting In (1994)	Comedy|Romance|Thriller
Im Spinnwebhaus (2015)	Drama|Fantasy
The Fake (2013)	Animation|Drama|Thriller
SÌ´nt Ì_r livet (1996)	Drama|Comedy
Halloweentown II: Kalabar's Revenge (2001)	Adventure|Family|Fantasy
Les Misí©rables (1998)	Crime|Drama|History
Hotel California (2008)	Action|Crime|Drama
The Humbling (2014)	Comedy|Drama
Requiem pour une tueuse (2011)	Thriller
The Craving (2008)	Horror
The Death and Life of Otto Bloom (2016)	Drama
Duplicate (1998)	Action|Comedy|Crime
First Shot (2002)	Action
Azzurro (2000)	Drama
Jibeuro ganeun gil (2013)	Drama
The Magic of Ordinary Days (2005)	Drama
A Little Game (2014)	Adventure|Family
GMO OMG (2013)	Documentary
Dil To Pagal Hai (1997)	Comedy|Drama|Musical
10 Attitudes (2001)	Drama
Transfer (2010)	Drama|Sci-Fi
The 50 Worst Movies Ever Made (2004)	Documentary
Extraordinary Stories (2008)	Drama|Mystery
Exorcist: The Beginning (2004)	Horror|Mystery|Thriller
The Man Who Copied (2003)	Comedy|Crime|Drama
EMI: Liya Hai To Chukana Padega (2008)	Comedy|Crime|Drama
To meteoro vima tou pelargou (1991)	Drama|Romance
The Bucks County Massacre (2010)	Action|Horror|Thriller
Hross Ì_ oss (2013)	Comedy|Drama|Romance
'Tis the Season for Love (2015)	Comedy|Romance
Touch of Pink (2004)	Drama|Comedy|Romance
Vanishing Pearls: The Oystermen of Pointe a la Hache (2014)	Documentary|Biography|History
Thin Ice (2011)	Comedy|Crime|Drama
GojíÇ reisenki: Gojoe (2000)	Action|History
Bratz (2007)	Comedy|Family|Music
Cure: The Life of Another (2014)	Drama|Mystery|Thriller
Thoughtcrimes (2003)	Action|Crime|Drama
Tucker and Dale vs Evil (2010)	Comedy|Horror
Skin Trade (2014)	Action|Crime|Thriller
Reclaim (2014)	Action|Adventure|Crime
Two Much (1996)	Comedy|Romance
Ka-woon-teu-da-woon (2011)	Action|Drama
Hulk Vs. (2009)	Animation|Action|Adventure
Swoon (1992)	Crime|Drama
A Sound of Thunder (2005)	Action|Adventure|Horror
Love Hina Spring Special (2001)	Animation|Comedy|Musical
The Wailing (2016)	Drama|Fantasy|Horror
Pride (2014)	Biography|Comedy|Drama
Lovemilla (2015)	Comedy|Romance|Sci-Fi
The Donner Party (2009)	Drama
Detective Byomkesh Bakshy! (2015)	Action|Drama|Thriller
Contracted (2013)	Drama|Horror|Thriller
Who Killed Chea Vichea? (2011)	Documentary
Bird of Prey (1995)	Crime|Drama|Music
La faute ÌÊ Fidel! (2006)	Drama|History
Holding the Man (2015)	Biography|Drama|Romance
Shackleton's Antarctic Adventure (2001)	Documentary|Short
CafÌ© (2011)	Drama
The Slingshot (1993)	Drama
Teen Beach 2 (2015)	Family|Musical
Head Over Heels (2012)	Animation|Short|Comedy
Torment (2013)	Horror|Thriller
Oddball (2015)	Adventure|Family
American Mullet (2001)	Documentary
The Butterfly Effect 3: Revelations (2009)	Crime|Sci-Fi|Thriller
Usturoi (2014)	Adventure|Comedy|Family
The Boys & Girls Guide to Getting Down (2006)	Comedy
Georgia (1995)	Drama|Music
The Way Way Back (2013)	Comedy|Drama
Man of the House (2005)	Action|Comedy
The Late Shift (1996)	Comedy|Drama|Talk-Show
Fool's Gold (2008)	Action|Adventure|Comedy
Vavien (2009)	Comedy|Drama|Thriller
O Mercado de NotÌ_cias (2014)	Documentary|Drama
Stolen (2012)	Action|Crime|Drama
The Mask (1994)	Comedy|Family|Fantasy
Rupan Sansei: Sweet lost night - Maho no lamp wa akumu no yokan (2008)	Animation|Action|Comedy
Bill Bailey: Tinselworm (2008)	Documentary|Comedy
The Hexecutioners (2015)	Horror
La scuola (1995)	Comedy|Drama
Magallanes (2015)	Drama
Geomeun sajedeul (2015)	Mystery|Thriller
It Runs in the Family (2003)	Comedy|Drama|Romance
Water's Edge (2003)	Drama|Thriller
I Don't Know How She Does It (2011)	Comedy|Romance
Crimes of Fashion (2004)	Comedy
The Hollow (2015)	Horror
Big Daddy (1999)	Comedy|Drama|Family
Parallels (2015)	Action|Sci-Fi
Food, Inc. (2008)	Documentary
AVH: Alien vs. Hunter (2007)	Action|Horror|Sci-Fi
Meitantei Conan: Seiki matsu no majutsushi (1999)	Animation|Adventure|Crime
Huang feihong zhi yingxiong you meng (2014)	Action|Biography|Drama
Taxi (1998)	Action|Comedy|Crime
Housefull 2 (2012)	Action|Comedy|Romance
Fruitcake (2003)	Short|Comedy|Romance
French Film (2008)	Comedy|Romance
Rango (2011)	Animation|Adventure|Comedy
The Wedding Banquet (1993)	Comedy|Drama|Romance
Life Inside Out (2013)	Drama
Heaven Knows What (2014)	Drama
A Night in Old Mexico (2013)	Adventure|Drama
Peter and Vandy (2009)	Drama|Romance
9-Man (2014)	Documentary|History|Sport
Come See the Paradise (1990)	Drama|Romance|War
Mondo (1995)	Drama
Cleopatra (2003)	Comedy|Drama
Saai sau kwong lung (2002)	Action|Drama
The Pallbearer (1996)	Comedy|Romance
No Escape (1994)	Action|Drama|Sci-Fi
Million Dollar Arm (2014)	Biography|Drama|Sport
Wu kui (1994)	Drama
Il figlio piÌ_ piccolo (2010)	Comedy|Drama
Fugitive Pieces (2007)	Adventure|Drama|War
Train (2008)	Horror|Thriller
Il sole nero (2007)	Drama
Prince of Central Park (2000)	Action|Adventure|Drama
The Aggression Scale (2012)	Action|Crime|Thriller
Metastaze (2009)	Crime|Drama
Chicago 10 (2007)	Documentary|Animation|History
How to Survive a Plague (2012)	Documentary|History|News
2 + 2 (2012)	Comedy
Trapped in a Purple Haze (2000)	Crime|Drama|Sport
Zach Galifianakis: Live at the Purple Onion (2006)	Documentary|Comedy
10 Items or Less (2006)	Comedy|Drama
Qualche nuvola (2011)	Comedy
The Thirst (2006)	Horror
Predators (2010)	Action|Adventure|Sci-Fi
Boom Bust Boom (2015)	Documentary|History
Cztery noce z Anna (2008)	Crime|Drama|Thriller
Fubar: Balls to the Wall (2010)	Comedy
Find Love (2006)	Romance
Happily N'Ever After 2 (2009)	Animation|Adventure|Comedy
Conspiracy Encounters (2016)	Sci-Fi
Next Goal Wins (2014)	Documentary|Sport
Little Hope Was Arson (2013)	Documentary|Crime|Drama
The Thaw (2009)	Horror|Sci-Fi|Thriller
The Ramen Girl (2008)	Comedy|Drama|Romance
Clubbed (2008)	Crime|Drama
Undercover Bridesmaid (2012)	Mystery|Romance
Gummo (1997)	Comedy|Drama
Drift (2013)	Drama|Sport
Ghayal Once Again (2016)	Action
We Were Once a Fairytale (2009)	Short
Angels Fall (2007)	Drama|Romance|Thriller
1612: Khroniki smutnogo vremeni (2007)	Adventure|Drama|Fantasy
Last Knights (2015)	Action|Adventure
Runner Runner (2013)	Crime|Thriller
Braindead (1992)	Comedy|Horror
Gozu (2003)	Crime|Drama|Horror
The Raven (2012)	Crime|Mystery|Thriller
Spectre (2015)	Action|Adventure|Thriller
The Present (2014)	Animation|Short|Comedy
Black Sheep (2006)	Comedy|Horror|Sci-Fi
Balzac and the Little Chinese Seamstress (2002)	Biography|Drama|Romance
Le tournoi (2015)	Drama|Sport
The Dying Gaul (2005)	Drama|Romance
At the Death House Door (2008)	Documentary
Simshar (2014)	Drama
To Wong Foo Thanks for Everything, Julie Newmar (1995)	Comedy|Drama
The Rage: Carrie 2 (1999)	Horror|Sci-Fi|Thriller
46-okunen no koi (2006)	Drama|Fantasy
The Inkwell (1994)	Romance|Comedy|Drama
Failure to Launch (2006)	Comedy|Romance
Alias Ruby Blade (2012)	Documentary
Fitoor (2016)	Drama|Romance
The Dead Outside (2008)	Horror|Mystery|Thriller
Blinkende lygter (2000)	Action|Comedy|Crime
The Bling Ring (2013)	Biography|Crime|Drama
Snow Dogs (2002)	Adventure|Comedy|Family
An American Affair (2008)	Drama
Kingdom of Shadows (2015)	Documentary
Kummelin Jackpot (2006)	Comedy
Alexandra's Project (2003)	Drama|Mystery|Thriller
Felony (2013)	Thriller
Cosas insignificantes (2008)	Drama
All My Friends Are Funeral Singers (2010)	Comedy|Drama|Music
Witch Hunt (1999)	Drama|Crime
Father of Invention (2010)	Comedy|Drama
Monster Brawl (2011)	Action|Comedy|Horror
The Hills Have Eyes II (2007)	Action|Horror|Thriller
Jat go zi tau di daan sang (1997)	Action|Comedy|Crime
Diggstown (1992)	Drama|Sport
Swordsman II (1992)	Action|Fantasy
Kindergarten Cop (1990)	Comedy
Ennum Eppozhum (2015)	Comedy|Drama
Bekushiru: 2077 Nihon sakoku (2007)	Animation|Action|Sci-Fi
Nessuno mi puÌ_ giudicare (2011)	Comedy
Dinosaur Island (1994)	Adventure|Comedy|Fantasy
I Went Down (1997)	Action|Comedy|Crime
Supergator (2007)	Horror|Sci-Fi
Crush (1992)	Drama
Ask TesadÌ_fleri Sever (2011)	Drama|Romance
Loitering with Intent (2014)	Comedy|Drama
La Vie en Rose (2007)	Biography|Drama|Music
Bunny and the Bull (2009)	Comedy|Drama
Guts (2009)	Drama
Valley of Flowers (2006)	Adventure|Drama|Romance
The Caveman's Valentine (2001)	Crime|Drama|Music
Miss Castaway and the Island Girls (2004)	Adventure|Comedy|Fantasy
Hak bak jin cheung (2005)	Crime|Drama
Sabrina the Teenage Witch (1996)	Comedy|Family|Fantasy
First Daughter (1999)	Action|Comedy|Romance
TekWar (1994)	Sci-Fi
Hate Crime (2005)	Crime|Drama|Mystery
The Baytown Outlaws (2012)	Action|Comedy|Crime
Idlewild (2006)	Crime|Drama|Musical
Kitchen Party (1997)	Comedy
Drive Me Crazy (1999)	Comedy|Drama|Romance
Naked Fear (2007)	Horror|Thriller
Jack of the Red Hearts (2015)	Drama|Family
Shepard & Dark (2012)	Documentary|Drama
Killers (2010)	Action|Comedy|Romance
Sex Drive (2008)	Adventure|Comedy|Romance
Lara Croft Tomb Raider: The Cradle of Life (2003)	Action|Adventure|Fantasy
Summer of 8 (2016)	Comedy|Drama|Romance
El sol del membrillo (1992)	Documentary|Biography|Drama
Rab Ne Bana Di Jodi (2008)	Comedy|Drama|Romance
Pumzi (2009)	Short|Sci-Fi
The Conspirator (2010)	Crime|Drama|History
I Want You (1998)	Crime|Drama|Music
Stanley Kubrick's Boxes (2008)	Documentary|Biography
Ye ban ge sheng (1995)	Drama|Music|Romance
Il ladro di bambini (1992)	Drama
Single White Female 2: The Psycho (2005)	Drama|Thriller
Entre ses mains (2005)	Drama
El cant dels ocells (2008)	Drama
Spy Kids 2: Island of Lost Dreams (2002)	Action|Adventure|Comedy
Side Effects (2005)	Romance|Comedy|Drama
Latin Lover (2015)	Comedy|Drama
Battle of the Damned (2013)	Action|Adventure|Horror
Besat (1999)	Action|Crime|Horror
Long Night's Journey Into Day (2000)	Documentary
The Babe (1992)	Biography|Drama|Sport
Emma (1996)	Comedy|Drama|Romance
Sarkar Raj (2008)	Action|Crime|Drama
Zoombies (2016)	Action|Horror|Sci-Fi
Death of a President (2006)	Crime|Drama|Mystery
Somewhere Between (2011)	Documentary
Molke Soleiman (2010)	Drama|History|War
The Strangers (2008)	Horror|Mystery|Thriller
Tom and Jerry: Spy Quest (2015)	Animation|Action|Adventure
The Merchant of Venice (2004)	Drama|Romance
Pervye na Lune (2005)	Mystery|Sci-Fi
Return (2011)	Drama
Prime Suspect: The Lost Child (1995)	Crime|Drama|Mystery
K-11 (2012)	Drama
Gayniggers from Outer Space (1992)	Comedy|Short|Sci-Fi
RED (2010)	Action|Comedy|Crime
The Dark Horse (2014)	Biography|Drama
Four Warriors (2015)	Adventure
TurnÌ© (1990)	Comedy|Drama
Russell Peters: The Green Card Tour - Live from The O2 Arena (2011)	Comedy
Morgan Murphy: Irish Goodbye (2014)	Comedy
The Inbetweeners Movie (2011)	Comedy
Une vie meilleure (2011)	Drama
The Dish (2000)	Comedy|Drama|History
Villegas (2012)	Drama
Junebug (2005)	Comedy|Drama
J'ai pas sommeil (1994)	Drama|Mystery|Romance
Point Break (2015)	Action|Crime|Sport
Best in Show (2000)	Comedy
Hae-jeok: Ba-da-ro gan san-jeok (2014)	Adventure|History
Visual Acoustics (2008)	Documentary
Suzanne (2013)	Drama
Fat Pizza (2003)	Action|Adventure|Comedy
Just Ask My Children (2001)	Drama
Tian xia wu zei (2004)	Action|Crime|Drama
Fung wan II (2009)	Action|Adventure|Fantasy
Habemus Papam (2011)	Comedy|Drama
Casa de los babys (2003)	Drama
Altman (2014)	Documentary
Love Hina Christmas Special: Silent Eve (2000)	Animation|Comedy|Romance
Johnny 2.0 (1997)	Sci-Fi
Pour elle (2008)	Crime|Drama|Thriller
The Girl Who Played with Fire (2009)	Crime|Drama|Mystery
Nos amis les Terriens (2006)	Sci-Fi
Qualunquemente (2011)	Comedy
Ummah - Unter Freunden (2013)	Comedy|Drama
Mississippi Damned (2009)	Drama
Citizenfour (2014)	Documentary|Biography
Amu (2005)	Drama
In ascolto (2006)	Crime|Drama|Thriller
Immortality (1998)	Crime|Mystery|Romance
In the Family (2011)	Drama|Romance
Flipping Out (2007)	Documentary|War
Bayou Blue (2011)	Documentary|Crime|Drama
The Thomas Crown Affair (1999)	Crime|Romance|Thriller
Odette Toulemonde (2006)	Comedy|Drama
The Strange Little Cat (2013)	Comedy|Drama|Family
Sveti Georgije ubiva azdahu (2009)	Drama|History|Romance
Archie's Final Project (2009)	Comedy|Drama
Gridiron Gang (2006)	Crime|Drama|Sport
Ocho apellidos vascos (2014)	Comedy|Romance
See Spot Run (2001)	Action|Comedy|Crime
Slither (2006)	Comedy|Horror|Sci-Fi
A Single Man (2009)	Drama|Romance
Backbeat (1994)	Biography|Drama|Music
I Want Candy (2007)	Comedy
Assassination Tango (2002)	Crime|Drama|Romance
The Amityville Curse (1990)	Horror
Homeless to Harvard: The Liz Murray Story (2003)	Biography|Drama
Alpha and Omega 3: The Great Wolf Games (2014)	Animation|Adventure|Comedy
Fire in the Blood (2013)	Documentary|History
El coronel no tiene quien le escriba (1999)	Drama
Samurai Ayothaya (2010)	Action|Drama|History
The Follow (2001)	Action|Short|Mystery
Sonja i bik (2012)	Comedy|Romance
Millhaven (2010)	Animation|Short
Machete (2010)	Action|Crime|Thriller
Deck the Halls (2006)	Comedy|Family
Ninjas vs. Zombies (2008)	Action|Comedy|Fantasy
Tanguy (2001)	Comedy
Salvage (2009)	Horror
The Gun in Betty Lou's Handbag (1992)	Comedy|Mystery
Sebbe (2010)	Drama
The Three Stooges (2000)	Biography|Comedy|Drama
Wilby Wonderful (2004)	Comedy|Drama|Romance
Restless (2012)	Drama|Romance
Yutham Sei (2011)	Crime|Drama|Mystery
The Puzzle (2009)	Drama
Tent City, U.S.A. (2012)	Documentary
Stuart: A Life Backwards (2007)	Drama
Joker Game (2015)	Thriller
Sommer in Orange (2011)	Comedy
Supervoksen (2006)	Drama
Air (2015)	Drama|Sci-Fi|Thriller
Methadonia (2005)	Documentary
Lesson of the Evil (2012)	Horror|Thriller
Bullet to Beijing (1995)	Action|Thriller
OC87: The Obsessive Compulsive, Major Depression, Bipolar, Asperger's Movie (2010)	Documentary|Biography
Manakamana (2013)	Documentary
KurÌ«n wa kokyÌ« wo mezasu (2008)	Drama|Sci-Fi
Sisters in Law (2005)	Documentary
Murder, She Baked: A Chocolate Chip Cookie Mystery (2015)	Mystery
Adem (2010)	Drama
Nuit blanche (2011)	Action|Crime|Thriller
Barbie: A Fairy Secret (2011)	Animation|Family|Fantasy
Cremaster 5 (1997)	Musical|Drama
Beau travail (1999)	Drama
Alien Hunter (2003)	Action|Adventure|Sci-Fi
Critters 4 (1992)	Comedy|Horror|Sci-Fi
Love, etc. (1996)	Comedy|Drama|Romance
Retreat (2011)	Thriller
Geograf globus propil (2013)	Adventure|Drama
Mind Meld: Secrets Behind the Voyage of a Lifetime (2001)	Documentary|Sci-Fi
Efterskalv (2015)	Drama
Gamer (2009)	Action|Sci-Fi|Thriller
The Confession (2013)	Drama
Future War (1997)	Action|Fantasy|Sci-Fi
Beautiful (2009)	Drama|Thriller
Horton Hears a Who! (2008)	Animation|Adventure|Comedy
Black Swan (2010)	Drama|Thriller
Hell (2011)	Horror|Sci-Fi|Thriller
And Now a Word from Our Sponsor (2013)	Comedy|Drama
Deewane Huye Paagal (2005)	Action|Comedy|Drama
Naked (1993)	Comedy|Drama
The Levenger Tapes (2013)	Horror|Thriller
CÌ_rki dancingu (2015)	Comedy|Drama|Horror
BÌülgen (2015)	Action|Drama|Thriller
Sky Blue (2003)	Action|Fantasy|Animation
Lolita (1997)	Drama|Romance
Freaks of Nature (2015)	Comedy|Horror|Sci-Fi
Real Playing Game (2013)	Action|Adventure|Sci-Fi
9 Muses of Star Empire (2012)	Documentary|Music
Hoodwinked Too! Hood vs. Evil (2011)	Animation|Action|Comedy
Chimpanzee (2012)	Documentary
La route d'Istanbul (2016)	Drama|Thriller
The Home Song Stories (2007)	Drama
Dangerous Beauty (1998)	Biography|Drama|Romance
Big Ass Spider! (2013)	Action|Comedy|Sci-Fi
Delusion (1991)	Crime|Drama|Thriller
'Hellboy': The Seeds of Creation (2004)	Documentary
Cold Storage (2009)	Thriller
PokÌ©mon the Movie: Diancie and the Cocoon of Destruction (2014)	Animation|Action|Adventure
Full Frontal (2002)	Comedy|Romance
Being Canadian (2015)	Documentary|Comedy
Art & Copy (2009)	Documentary
Nurse Betty (2000)	Comedy|Crime|Drama
Die vierte Macht (2012)	Thriller
World Trade Center (2006)	Drama|History|Thriller
24 (2008)	Action|Adventure|Crime
Cocktail (2012)	Comedy|Drama|Romance
The Nasty Girl (1990)	Comedy|Drama|History
Death at a Funeral (2010)	Comedy
Testament of Youth (2014)	Biography|Drama|History
The Possibilities Are Endless (2014)	Documentary|Biography|Music
Milk Money (1994)	Comedy|Romance
Soft Shell Man (2001)	Drama|Romance
The Orphanage (2007)	Drama|Mystery|Thriller
Zombie Honeymoon (2004)	Drama|Horror|Romance
Sasori (2008)	Action
Runaway (2009)	Animation|Short|Comedy
Gen-X Cops 2: Metal Mayhem (2000)	Action|Sci-Fi
Kismat (2004)	Action|Drama
Hallway (2015)	Short|Drama|Fantasy
Scooby-Doo! WrestleMania Mystery (2014)	Animation|Family
Twisted Seduction (2010)	Comedy|Romance|Thriller
Wan pisu firumu: sutorongu warudo (2009)	Animation|Action|Adventure
American Soldiers (2005)	Action|Drama|History
The Bonesetter (2003)	Horror|Thriller
Tortilla Soup (2001)	Comedy|Romance|Drama
SyvÌ_lle salattu (2011)	Drama|Thriller
Comeback Season (2006)	Comedy|Romance
Tomorrow You're Gone (2012)	Thriller
Riot On! (2004)	Documentary
Keeping the Faith (2000)	Comedy|Drama|Romance
CafÌ© LumiÌ¬re (2003)	Drama
The Seasoning House (2012)	Drama|Horror|Thriller
Life, and Nothing More... (1992)	Adventure|Drama
Johnny Was (2006)	Action|Crime|Drama
A Very Brady Sequel (1996)	Comedy
De onfatsoenlijke vrouw (1991)	Drama|Romance|Thriller
Ice Princess (2005)	Comedy|Drama|Family
From A to B (2014)	Adventure|Comedy|Drama
The Sky Above Us (2015)	Biography|Drama|War
Letters from the Big Man (2011)	Drama
Espion(s) (2009)	Drama|Romance|Thriller
Six Days Seven Nights (1998)	Action|Adventure|Comedy
The Big Hit (1998)	Action|Comedy|Crime
Elaine Stritch: Shoot Me (2013)	Documentary
London After Midnight (2002)	Drama|Horror
Elavad pildid (2013)	Comedy|Drama|Romance
Bian Lian (1996)	Drama
Popatopolis (2009)	Documentary
From the Sky Down (2011)	Documentary|Music
Transporter 2 (2005)	Action|Crime|Thriller
Big Eden (2000)	Comedy|Drama|Romance
The Hessen Conspiracy (2009)	Crime|Drama|History
J.S.A.: Joint Security Area (2000)	Drama|Thriller|War
Strawberry Summer (2012)	Family
The Prophecy (1995)	Action|Crime|Drama
The Giver (2014)	Drama|Romance|Sci-Fi
Ninja Cheerleaders (2008)	Action|Comedy
Affinity (2008)	Drama|Romance
Jigar (1992)	Action|Drama|Romance
Montevideo, Bog te video! (2010)	Adventure|Comedy|Drama
American Dreams in China (2013)	Drama
White Fang 2: Myth of the White Wolf (1994)	Adventure|Family
The Workshop (2007)	Documentary
Ye Ying - Le promeneur d'oiseau (2013)	Drama|Family
Three Miles North of Molkom (2008)	Documentary
EncarnaÌ¤Ì£o do DemÌ«nio (2008)	Horror
Khottabych (2006)	Adventure|Comedy|Fantasy
Devil's Knot (2013)	Biography|Crime|Drama
Raining Stones (1993)	Drama|Comedy
Red Riding Hood (2006)	Adventure|Family|Musical
Buck (2011)	Documentary
April Fool's Day (2008)	Horror
Gallows Hill (2013)	Horror|Mystery|Thriller
Vanity Fair (2004)	Drama
Draft Day (2014)	Drama|Sport
Very Semi-Serious (2015)	Documentary
My Babysitter's a Vampire (2010)	Adventure|Comedy|Fantasy
Lit feng chin che 2 gik chuk chuen suet (1999)	Action|Thriller
The Nomi Song (2004)	Documentary|Biography|Music
Goosebumps (2015)	Adventure|Comedy|Family
Tarantella (1995)	Drama
Le monde selon Monsanto (2008)	Documentary
Sixty Six (2006)	Biography|Comedy|Drama
Iron Sky (2012)	Action|Comedy|Sci-Fi
The Adopted Son (1998)	Drama
Wolf Creek (2005)	Horror
Les parasites (1999)	Comedy
Sick: The Life & Death of Bob Flanagan, Supermasochist (1997)	Documentary
Entre LenÌ¤Ì_is (2008)	Romance
Slow Burn (2000)	Action|Crime|Drama
Traders (2015)	Thriller
Blue Sky (1994)	Drama|Romance
Magi i luften (2011)	Drama|Musical
Rosewood Lane (2011)	Horror|Thriller
Poor White Trash (2000)	Comedy|Crime
My Louisiana Sky (2001)	Drama
PressPausePlay (2011)	Documentary|Music
Banksy Does New York (2014)	Documentary
The Beautiful Country (2004)	Drama
Until Death (2007)	Action|Crime|Drama
52 Tuesdays (2013)	Drama|Family
Henry Fool (1997)	Comedy|Drama
Xi you ji zhi da sheng gui lai (2015)	Animation|Action|Adventure
Stoked: The Rise and Fall of Gator (2002)	Documentary|Sport
Six Ways to Sunday (1997)	Comedy|Crime|Drama
Tower Block (2012)	Thriller
What the Bleep!?: Down the Rabbit Hole (2006)	Documentary|Drama
The Ring Two (2005)	Horror|Mystery
5 Flights Up (2014)	Drama
The Taiwan Oyster (2012)	Adventure|Comedy|Drama
Red Corner (1997)	Crime|Drama|Thriller
I bambini sanno (2015)	Documentary
Au bonheur des ogres (2013)	Comedy|Drama
Exposed (2016)	Crime|Drama|Mystery
Kony 2012 (2012)	Documentary|Short|Biography
Astro Boy (2009)	Animation|Action|Comedy
Fetching Cody (2005)	Drama|Fantasy|Romance
The Children (2008)	Horror|Mystery|Thriller
Debbie Macomber's Dashing Through the Snow (2015)	Comedy|Family|Romance
Eldorado (2008)	Comedy|Drama
Big Match (2014)	Action|Comedy|Thriller
Prototype (1992)	Action|Sci-Fi
Beings (1998)	Adventure|Family|Fantasy
Kukkulan kuningas (2009)	Crime|Drama
Kummeli kultakuume (1997)	Comedy
The Art of Football from A to Z (2006)	Documentary|Comedy|Sport
Air America (1990)	Action|Comedy
Bienvenido a Farewell-Gutmann (2008)	Comedy
They Came Back (2004)	Drama|Fantasy
Cronicas (2004)	Crime|Drama|Thriller
Rafa (2012)	Short|Drama
Avis de mistral (2014)	Drama|Romance
Kriegerin (2011)	Drama
Stealing Cars (2015)	Drama
Catfish in Black Bean Sauce (1999)	Comedy|Drama
Occupant (2011)	Thriller
Murder (2004)	Action|Drama|Musical
Strip Search (2004)	Drama
Ganes (2007)	Biography|Drama|Music
Requiem for a Dream (2000)	Drama
Child's Play 3 (1991)	Action|Horror|Thriller
Zus & zo (2001)	Comedy|Fantasy|Romance
Courageous (2011)	Drama
Chíégoku no chíÇjin (1998)	Adventure|Comedy|Drama
Un moment d'Ì©garement (2015)	Comedy|Drama|Romance
Kronjuvelerna (2011)	Drama
Tower Heist (2011)	Action|Comedy|Crime
Swimming with Sharks (1994)	Comedy|Crime
White Lightnin' (2009)	Biography|Drama
My Piece of the Pie (2011)	Comedy|Drama
Manta - Der Film (1991)	Comedy|Romance
The Promotion (2008)	Comedy
The Benefactor (2015)	Drama
Bread and Roses (2000)	Drama
Komediya strogogo rezhima (1992)	Comedy
Harry Potter and the Half-Blood Prince (2009)	Adventure|Family|Fantasy
The Agronomist (2003)	Documentary|Biography|History
Snake & Mongoose (2013)	Sport
Chlopaki nie placza (2000)	Comedy|Crime
Stranger in My House (1999)	Thriller
Cama adentro (2004)	Drama
The Land Before Time VI: The Secret of Saurus Rock (1998)	Animation|Adventure|Family
EnvoyÌ©s trÌ¬s spÌ©ciaux (2009)	Comedy
Bio-Dome (1996)	Comedy
Agapi sta 16 (2004)	Comedy|Drama
Why We Fight (2005)	Documentary|History|War
Dead End (2003)	Horror|Mystery|Thriller
Tell Me How I Die (2016)	Thriller
Paziraie sadeh (2012)	Comedy|Drama
L'oeil de Vichy (1993)	Documentary|War
Whirlygirl (2006)	Drama|Romance
Untraceable (2008)	Crime|Mystery|Thriller
Mr. Turner (2014)	Biography|Drama|History
CanÌ_bal (2013)	Thriller
Requiem (2006)	Drama
Nobody's Baby (2001)	Comedy|Drama
En kort en lang (2001)	Comedy|Romance|Drama
I nostri ragazzi (2014)	Drama
Tokyo Tower (2005)	Drama|Romance
Into Thin Air: Death on Everest (1997)	Adventure|Biography|Drama
Remember Me, My Love (2003)	Comedy|Romance|Drama
Edward Scissorhands (1990)	Drama|Fantasy|Romance
Low Fidelity (2011)	Drama
Possession (2002)	Drama|Mystery|Romance
Ssang-hwa-jeom (2008)	Drama|History|Romance
Septembers of Shiraz (2015)	Thriller
Northpole (2014)	Fantasy
Jesus Camp (2006)	Documentary
Tore tanzt (2013)	Crime|Drama|Thriller
Looking for Lenny (2011)	Documentary
Eden (2012)	Crime|Drama
Whores' Glory (2011)	Documentary
Wildlike (2014)	Adventure|Drama|Thriller
Love Under New Management: The Miki Howard Story (2016)	Biography
The Sand (2015)	Horror|Sci-Fi
A Man of No Importance (1994)	Comedy|Drama
Attila (2013)	Action|Horror|Thriller
Superbabies: Baby Geniuses 2 (2004)	Comedy|Family|Sci-Fi
Friends with Kids (2011)	Comedy|Drama|Romance
Starsuckers (2009)	Documentary
Before I Go to Sleep (2014)	Drama|Mystery|Thriller
Drevo (2014)	Drama
Little England (2013)	Drama|Romance
Deep Impact (1998)	Action|Drama|Romance
I'll Sleep When I'm Dead (2016)	Documentary
ÌÉret gjennom BÌürfjord (1991)	Documentary|Short
The Adventurer: The Curse of the Midas Box (2013)	Adventure|Family|Fantasy
Tart (2001)	Crime|Drama|Romance
One Life (2011)	Documentary|Family
Jude (1996)	Drama|Romance
Green Room (2015)	Crime|Horror|Thriller
The Rainmaker (1997)	Crime|Drama|Thriller
Poltergeist (2015)	Horror|Thriller
The Maid (2009)	Comedy|Drama
Louis C.K. Oh My God (2013)	Documentary|Comedy
How to Train Your Dragon (2010)	Animation|Action|Adventure
The Mark of Cain (2001)	Documentary
Dzien dobry, kocham cie! (2014)	Comedy|Romance
Elvis Meets Nixon (1997)	Biography|Comedy|Drama
Court (2014)	Drama
Amaya (2010)	Comedy|Drama|Romance
Ernest in the Army (1998)	Family|Comedy
Last of the Living (2009)	Comedy|Horror|Sci-Fi
Trekkies 2 (2004)	Documentary
The Greatest Movie Ever Sold (2011)	Documentary|Comedy
Un boss in salotto (2014)	Comedy
The Babymakers (2012)	Comedy
Whatever Happened to Harold Smith? (1999)	Comedy
The String (2009)	Drama|Romance
Boy 7 (2015)	Action|Sci-Fi|Thriller
The Juror (1996)	Drama|Thriller
Shit Year (2010)	Drama
An Affair of Love (1999)	Drama|Romance
Opposite Day (2009)	Comedy|Family
Suske en Wiske: De duistere diamant (2004)	Adventure|Family|Mystery
American Teen (2008)	Documentary
Kadosh (1999)	Drama
The General's Daughter (1999)	Crime|Drama|Mystery
Anthrax (2001)	Drama|Sci-Fi|Thriller
Dzien kobiet (2012)	Drama
A Walk in the Clouds (1995)	Drama|Romance
Bangkok Dangerous (2000)	Action|Crime|Romance
Neoneun nae unmyeong (2005)	Drama|Romance
Chain of Command (2015)	Action|Thriller
Friendship! (2010)	Adventure|Comedy
Posthumous (2014)	Comedy|Drama|Romance
River of Grass (1994)	Drama
The Boy in the Striped Pajamas (2008)	Drama|War
The Lost (2009)	Thriller
Death Machine (1994)	Action|Horror|Sci-Fi
Nizhalkkuthu (2002)	Drama
The Stepford Wives (2004)	Comedy|Sci-Fi|Thriller
Sookmyeong (2008)	Drama
Walker (2012)	Short
Doll Graveyard (2005)	Horror
Halloween: Resurrection (2002)	Comedy|Horror|Thriller
100% Love (2011)	Comedy|Drama|Romance
Beneath the Blue (2010)	Drama
Bushi no ichibun (2006)	Drama|Romance
May I Kill U? (2012)	Comedy|Horror|Thriller
Desert Flower (2009)	Biography|Drama
The Devil's Ground (2009)	Horror|Thriller
Consuming Kids: The Commercialization of Childhood (2008)	Documentary
Ringmaster (1998)	Comedy
ZMD: Zombies of Mass Destruction (2009)	Comedy|Horror|Sci-Fi
Hiroshima (2005)	Documentary|Drama|History
The Tree of Life (2011)	Drama|Fantasy
Ace of Hearts (2008)	Drama|Family
Mitt (2014)	Documentary|Biography|Family
Dog Pound (2010)	Drama
King Leopold's Ghost (2006)	Documentary
The Secret Village (2013)	Horror|Mystery|Thriller
SmrtelnÌ© historky (2016)	Animation|Comedy|Crime
The Duelist (2016)	Action|Drama|Thriller
The Great Gatsby (2013)	Drama|Romance
Superhero Movie (2008)	Action|Comedy|Sci-Fi
Exodus: Gods and Kings (2014)	Action|Adventure|Drama
Vares - Kaidan tien kulkijat (2012)	Crime|Drama|Thriller
Bellflower (2011)	Action|Drama|Romance
99 Homes (2014)	Drama
Resistance (2015)	Documentary|History
Pecados de mi padre (2009)	Documentary
Today You Die (2005)	Action|Crime|Thriller
La ville est tranquille (2000)	Drama
Man vs Snake: The Long and Twisted Tale of Nibbler (2015)	Documentary
Bare Bea (2004)	Drama
Bo Burnham: Words, Words, Words (2010)	Comedy
The Trials of Henry Kissinger (2002)	Documentary
Head Above Water (1996)	Comedy|Thriller
Jawbreaker (1999)	Comedy|Crime|Thriller
The Haunted (1991)	Horror
Island (2011)	Drama
Into the White (2012)	Biography|Drama|History
Roboshark (2015)	Action|Comedy|Sci-Fi
Papa (2005)	Comedy|Drama
My Baby's Daddy (2004)	Comedy
Right on Track (2003)	Biography|Drama|Family
I Am Bruce Lee (2012)	Documentary|Biography
The Devil's Tomb (2009)	Action|Horror|Sci-Fi
Hellraiser: Inferno (2000)	Crime|Horror|Mystery
Dogma (1999)	Adventure|Comedy|Drama
El niÌ±o pez (2009)	Drama|Romance|Thriller
Zheng hun qi shi (1998)	Comedy|Drama|Romance
What We Did on Our Holiday (2014)	Comedy|Drama
Slam (1998)	Drama
There Goes My Baby (1994)	Comedy|Drama
El juego de la verdad (2004)	Comedy|Romance
As You Like It (2006)	Drama|Comedy|Romance
The Other Side of the Bed (2002)	Comedy|Drama|Musical
The Client (1994)	Crime|Drama|Mystery
Once Around (1991)	Comedy|Drama|Romance
Boogie Man: The Lee Atwater Story (2008)	Documentary|Biography
First Knight (1995)	Action|Adventure|Romance
Jodi Arias: Dirty Little Secret (2013)	Drama|Romance|Thriller
Semper Fi (2001)	Drama|Action
Persecuted (2014)	Action|Drama|Mystery
Creep (2014)	Horror|Thriller
Hero (1992)	Comedy|Drama|Romance
Sister Act (1992)	Comedy|Crime|Family
VeggieTales: Dave and the Giant Pickle (1996)	Animation|Short|Comedy
SÌ_t (2008)	Drama
8: The Mormon Proposition (2010)	Documentary
Grande Ì©cole (2004)	Drama|Romance
Terror at the Mall (2014)	Documentary|History
Secret in Their Eyes (2015)	Crime|Drama|Mystery
Mr. Deeds (2002)	Comedy|Romance
Douches froides (2005)	Drama
The Backyard (2002)	Documentary
Apflickorna (2011)	Drama|Sport
Fatso (2008)	Comedy|Drama
Safari (2009)	Adventure|Comedy
Finisterrae (2010)	Fantasy
The Goebbels Experiment (2005)	Documentary|Biography|History
Dopamine (2003)	Comedy|Drama|Romance
The Last Lions (2011)	Documentary|Family
Saya-zamurai (2010)	Comedy
Bullets Over Broadway (1994)	Comedy|Crime
The Namesake (2006)	Drama
Legacy (2010)	Thriller
God Is the Bigger Elvis (2012)	Documentary|Short
Trial by Jury (1994)	Thriller|Crime|Drama
Tomorrowland (2015)	Action|Adventure|Family
The Lucky Ones (2008)	Comedy|Drama|War
Ober (2006)	Comedy
Blair Witch (2016)	Horror|Thriller
Hors la loi (2010)	Crime|Drama|War
The Angriest Man in Brooklyn (2014)	Comedy|Drama
Dirty Mind (2009)	Action|Comedy
Canadian Bacon (1995)	Comedy
Geuddae geusaramdeul (2005)	Comedy|Drama|History
ZrÌ_bmy sobie wnuka (2003)	Comedy
GÌ´ med fred Jamil - Ma salama Jamil (2008)	Action|Drama
Recipe for Love (2014)	Comedy|Family|Romance
Mortal Kombat: Annihilation (1997)	Action|Adventure|Fantasy
Cannibal! The Musical (1993)	Biography|Comedy|Musical
Naked As We Came (2013)	Drama|Family
Ricky (2009)	Comedy|Drama|Fantasy
Hate Story 2 (2014)	Drama|Thriller
Lulu femme nue (2013)	Comedy|Drama|Romance
Metroland (1997)	Comedy|Drama
The Visitor (2007)	Drama
Free Willy 2: The Adventure Home (1995)	Adventure|Drama|Family
The Oregonian (2011)	Horror|Mystery|Thriller
Alvin and the Chipmunks: The Squeakquel (2009)	Animation|Comedy|Family
BloodRayne (2005)	Action|Adventure|Fantasy
GekijÌ« ban Bleach: Fade to Black - Kimi no na o yobu (2008)	Animation|Action|Drama
Bakemono no ko (2015)	Animation|Action|Adventure
Waiting for Guffman (1996)	Comedy
Drunk Wedding (2015)	Comedy
Music for One Apartment and Six Drummers (2001)	Short|Comedy|Music
The Crimson Rivers (2000)	Crime|Mystery|Thriller
Tjenare kungen (2005)	Comedy|Drama|Music
La scuola Ì¬ finita (2010)	Drama
The Survivalist (2015)	Drama|Sci-Fi|Thriller
River Queen (2005)	Action|Adventure|Drama
Goliyon Ki Rasleela Ram-Leela (2013)	Drama|Musical|Romance
The Princess Diaries (2001)	Comedy|Family|Romance
Gente di Roma (2003)	Comedy
Pawn's Move (2011)	Drama|Family|Romance
Backflash (2001)	Action|Crime|Drama
Exam (2009)	Mystery|Thriller
Shades of Ray (2008)	Comedy|Drama|Romance
Animals (2008)	Horror|Thriller
The Names of Love (2010)	Comedy|Drama|Romance
Contracted: Phase II (2015)	Drama|Horror|Thriller
Louis C.K.: Live at the Beacon Theater (2011)	Documentary|Comedy
The Boxer (2009)	Action|Drama|Sport
Love Never Dies (2012)	Drama|Music|Musical
My Big Fat Greek Wedding 2 (2016)	Comedy|Family|Romance
EnragÌ©s (2015)	Action|Drama|Thriller
Manuale d'am3re (2011)	Comedy|Romance
House of the Rising Sun (2011)	Action|Crime|Drama
A Fairly Odd Movie: Grow Up, Timmy Turner! (2011)	Animation|Comedy|Family
The Borrower (1991)	Comedy|Horror|Sci-Fi
Inside (2007)	Horror
alaskaLand (2012)	Drama
The Dreamers (2003)	Drama|Romance
Suchí¬mubíÇi (2004)	Animation|Action|Adventure
Temple Grandin (2010)	Biography|Drama
Rebound (2005)	Comedy|Family|Sport
Lahore (2010)	Action|Drama|Sport
Stolen Seas (2012)	Documentary|Adventure|Crime
Leprechaun: Origins (2014)	Fantasy|Horror
Mortal Kombat: The Journey Begins (1995)	Animation|Action|Adventure
Mission: Impossible II (2000)	Action|Adventure|Thriller
ABCs of Death 2 (2014)	Comedy|Horror
That Girl in Yellow Boots (2010)	Crime|Drama|Mystery
Carla's Song (1996)	Drama|Romance|War
Aks (2001)	Action|Crime|Horror
Obsessed (1992)	Drama|Thriller
Jim Gaffigan: Beyond the Pale (2006)	Documentary|Comedy
Chega de Saudade (2007)	Drama|Musical|Romance
Salaam-E-Ishq (2007)	Comedy|Drama|Musical
(500) Days of Summer (2009)	Comedy|Drama|Romance
Mythica: A Quest for Heroes (2014)	Action|Adventure|Fantasy
Dyke Hard (2014)	Action|Comedy|Horror
Trust (1990)	Comedy|Drama
Matt Shepard Is a Friend of Mine (2014)	Documentary|Biography|History
The Village Had No Walls (1995)	Adventure|Drama
Sparks (2013)	Action|Thriller
Stitches (2012)	Comedy|Horror
Clay Pigeons (1998)	Comedy|Crime
Bareuge salja (2007)	Action|Comedy
80 Minutes (2008)	Action|Crime|Thriller
Whisper (2007)	Crime|Drama|Horror
Trojan War (1997)	Comedy
La petite Lili (2003)	Drama|Romance
Artois the Goat (2009)	Comedy
The Grand (2007)	Comedy
Donovan's Echo (2011)	Drama|Fantasy|Mystery
Murder of a Cat (2014)	Comedy|Crime|Mystery
Elle s'en va (2013)	Comedy|Drama
Gran Paradiso (2000)	Adventure|Drama|Romance
Victim (2011)	Action|Drama
Thanatomorphose (2012)	Horror
Man's Best Friend (1993)	Comedy|Horror|Sci-Fi
James Dean (2001)	Biography|Drama
Henry Kissinger - Geheimnisse einer Supermacht (2008)	Documentary
The Blind Side (2009)	Biography|Drama|Sport
Basta poco (2015)	Comedy
The Governess (1998)	Drama|Romance
Angel Dog (2011)	Drama|Family
I Smile Back (2015)	Drama
Scooby-Doo! And Kiss: Rock and Roll Mystery (2015)	Animation|Comedy|Family
La naissance de Charlot (2013)	Documentary|Biography
Crockdale (2011)	Thriller
San ging chaat goo si (2004)	Action|Crime|Drama
Perez. (2014)	Crime|Drama|Thriller
Gli ultimi saranno ultimi (2015)	Comedy|Drama
Growing Up and Other Lies (2014)	Comedy
Booty Call (1997)	Comedy|Romance
The Last Deadly Mission (2008)	Crime|Drama|Thriller
Talk of Angels (1998)	Drama|Romance|War
Mighty Uke (2010)	Documentary|Music
Twelfth Night or What You Will (1996)	Comedy|Drama|Romance
Southland Tales (2006)	Comedy|Mystery|Sci-Fi
Hush (1998)	Drama|Thriller
The Dangerous Lives of Altar Boys (2002)	Comedy|Drama
Comedy Central Roast of Bob Saget (2008)	Comedy
Now You See Me 2 (2016)	Action|Adventure|Comedy
La buca (2014)	Comedy
The Wedding Video (2012)	Comedy
Elsk meg i morgen (2005)	Comedy|Drama|Romance
Elokuu (2011)	Drama
Le meraviglie (2014)	Drama
Baadshah (1999)	Action|Comedy|Crime
El Akhar (1999)	Drama|Romance
De Palma (2015)	Documentary|Biography
Morrer Como Um Homem (2009)	Drama|Music
Love on the Side (2004)	Comedy|Romance
Sexo, mentiras y muertos (2011)	Crime|Drama|Romance
Sassy Pants (2012)	Comedy|Drama
Tom Dick & Harriet (2013)	Comedy
Comedy Central Roast of Justin Bieber (2015)	Comedy
Tormented (2014)	Horror|Thriller
The Hallow (2015)	Horror
Love Simple (2009)	Comedy|Romance
He ni zai yi qi (2002)	Drama|Music
Shark Tale (2004)	Animation|Adventure|Comedy
The Doors: When You're Strange (2009)	Documentary|Music
Pidí_ huivista kiinni, Tatjana (1994)	Comedy|Romance
Martial Law (1990)	Action|Crime
Party Girl (2014)	Drama
What's Up, Scarlet? (2005)	Comedy|Drama|Romance
The Father's Love (2014)	Drama|Romance
Cop Car (2015)	Crime|Thriller
King of California (2007)	Comedy|Drama
Kaun? (1999)	Mystery|Thriller
Twisted (1996)	Drama
Fighting (2009)	Action|Drama|Sport
Kynodontas (2009)	Drama|Thriller
Death Wish V: The Face of Death (1994)	Action|Crime|Drama
The Art of War II: Betrayal (2008)	Action|Thriller
Shootout at Lokhandwala (2007)	Action|Crime|Drama
Last Summer in the Hamptons (1995)	Comedy|Drama
The Rambler (2013)	Comedy|Drama|Horror
If These Walls Could Talk 2 (2000)	Drama|Romance
Compliance (2012)	Biography|Crime|Drama
Yongseoneun eupda (2010)	Crime|Drama|Thriller
B-Movie: Lust & Sound in West-Berlin 1979-1989 (2015)	Documentary|Music
Lawn Dogs (1997)	Drama
Troy (2004)	Adventure
How to Be a Man (2013)	Comedy
Back to the Jurassic (2015)	Animation
Vision - Aus dem Leben der Hildegard von Bingen (2009)	Biography|Drama|Romance
Jack et la mÌ©canique du coeur (2013)	Animation|Adventure|Drama
Rennie's Landing (2001)	Drama
Sem Pena (2014)	Documentary|Crime|Drama
Drillbit Taylor (2008)	Comedy|Drama
Death of a Shadow (2012)	Short|Drama|Fantasy
Welcome Home, Roscoe Jenkins (2008)	Comedy|Romance
The Face of Love (2013)	Drama|Romance
Leviathan (2014)	Drama
Raiders!: The Story of the Greatest Fan Film Ever Made (2015)	Documentary|Adventure|Biography
The Take (2007)	Action|Crime|Drama
S: Saigo no Keikan - Dakkan: Recovery of Our Future (2015)	Action|Thriller
Trumbo (2007)	Documentary|Biography
When Brendan Met Trudy (2000)	Comedy|Romance
Druid Peak (2014)	Drama
Tick Tock Tale (2010)	Animation|Short|Adventure
Beastmaster 2: Through the Portal of Time (1991)	Fantasy|Action|Adventure
Troublemakers: The Story of Land Art (2015)	Documentary|Biography|History
Tierra (1996)	Drama|Romance
La mÌÁquina de bailar (2006)	Comedy
To Write Love on Her Arms (2012)	Biography|Drama|Music
The Love Punch (2013)	Comedy
First Daughter (2004)	Comedy|Drama|Romance
Alan Partridge: Alpha Papa (2013)	Comedy|Crime
The Secret Pact (2001)	Thriller
The Science of Sleep (2006)	Comedy|Drama|Fantasy
Cemetery of Splendor (2015)	Drama|Fantasy
Solntse (2005)	Drama|History
Fausto 5.0 (2001)	Drama|Fantasy|Horror
Cooties (2014)	Comedy|Horror|Sci-Fi
Cloned: The Recreator Chronicles (2012)	Drama|Sci-Fi|Thriller
Dwae-ji-ui wang (2011)	Animation|Drama|Thriller
Girl Rising (2013)	Documentary|Drama
Slacker 2011 (2011)	Drama
Bulg-eun gajog (2013)	Drama
Brother Minister: The Assassination of Malcolm X (1994)	Documentary
Come il vento (2013)	Biography|Crime|Drama
On a marchÌ© sur Bangkok (2014)	Comedy
GrÌ_nsen (2011)	Action|Drama|War
Pan (1995)	Drama
Forever Hardcore: The Documentary (2005)	Documentary|Sport
Trial and Error (1997)	Comedy|Romance
12 Angry Men (1997)	Crime|Drama
Humanity's End (2008)	Action|Sci-Fi
Burn Burn Burn (2015)	Comedy|Drama
Passione sinistra (2013)	Comedy
Vamp U (2011)	Action|Comedy|Horror
Vremya zhatvy (2004)	Drama
The Funhouse Massacre (2015)	Comedy|Horror
Majo no takkyÌÈbin (2014)	Adventure|Comedy|Fantasy
The Kid & I (2005)	Comedy
Preggoland (2014)	Comedy|Drama
This Boy's Life (1993)	Biography|Drama
Belyy tigr (2012)	Action|Adventure|Fantasy
The Backwater Gospel (2011)	Animation|Short|Horror
Violent (2014)	Drama
The Fury of a Patient Man (2016)	Drama|Thriller
Johnny Tsunami (1999)	Drama|Family|Sport
A Short History of Decay (2014)	Comedy
Hitman (2007)	Action|Crime|Drama
The Great Invisible (2014)	Documentary
The Winslow Boy (1999)	Drama|Romance
Athadu (2005)	Action|Comedy|Musical
Best Kept Secret (2013)	Documentary|Drama
Detaljer (2003)	Drama
Wyatt Earp's Revenge (2012)	Drama|Western
Kulman pojat (2012)	Comedy|Romance
Love's Routine (2013)	Short|Comedy|Romance
Viva LaldjÌ©rie (2004)	Drama
The Amazing Spider-Man (2012)	Action|Adventure
A Friend of the Deceased (1997)	Comedy|Drama
Tanner Hall (2009)	Drama
Anthony Jeselnik: Thoughts and Prayers (2015)	Comedy
Bianca come il latte, rossa come il sangue (2013)	Comedy|Drama
Khan kluay (2006)	Animation|Adventure|Family
Body Parts (1991)	Horror|Thriller
Lushui Hongyan (2014)	Romance
Payback (1999)	Action|Crime|Drama
My Son, My Son, What Have Ye Done (2009)	Drama|Thriller
Fast Getaway (1991)	Action|Comedy|Crime
When the Lights Went Out (2012)	Horror
Cat Run (2011)	Action|Comedy
Comedy Central Roast of William Shatner (2006)	Comedy
Bai yin di guo (2009)	Biography|Drama|Family
Oxygen (1999)	Crime|Drama|Thriller
Chinese Take-Out (2011)	Comedy|Drama
The Accountant (2016)	Action|Crime|Drama
Sniper: Ghost Shooter (2016)	Action|Drama|Thriller
Gifted Hands: The Ben Carson Story (2009)	Biography|Drama
Kis Uykusu (2014)	Drama
Houston (2013)	Drama
The Nostradamus Kid (1993)	Drama|Romance
Dinner with Friends (2001)	Comedy|Drama
Tom Sawyer (2000)	Animation|Family|Musical
Age of Uprising: The Legend of Michael Kohlhaas (2013)	Drama|History
El acto en cuestiÌ_n (1993)	Drama
Caught (1996)	Drama|Thriller
Patton Oswalt: Talking for Clapping (2016)	Documentary|Comedy
Clara et moi (2004)	Drama|Music|Romance
Secret Passage (2004)	Drama
Anuvahood (2011)	Comedy|Crime|Drama
The Life of Reilly (2006)	Documentary|Biography|Comedy
The Black Panthers: Vanguard of the Revolution (2015)	Documentary
The Princess and the Goblin (1991)	Animation|Fantasy
Ant-Man (2015)	Action|Adventure|Comedy
We Are Marshall (2006)	Drama|Sport
Burn Notice: The Fall of Sam Axe (2011)	Comedy|Crime|Drama
Hell House (2001)	Documentary
åÁAsu Mare! 2 (2015)	Biography|Comedy
The Iceman Confesses: Secrets of a Mafia Hitman (2001)	Crime|Documentary
Slingshot (2005)	Crime|Drama|Romance
Babymother (1998)	Drama|Musical
Come Dio comanda (2008)	Drama
Secrets of the Tribe (2010)	Documentary
Cheung wong chi wong (2010)	Action|Thriller
Xia Luo te fan nao (2015)	Comedy
Un grand cri d'amour (1998)	Comedy
Samson and Delilah (1996)	Adventure|Drama|History
Sweet November (2001)	Drama|Romance
Despicable Me (2010)	Animation|Adventure|Comedy
Alive Inside (2014)	Documentary|News
Hana to hebi (2004)	Drama|Thriller
Iran Is Not the Problem (2008)	Documentary|War
Spy Kids 3-D: Game Over (2003)	Action|Adventure|Comedy
Lazer Team (2015)	Action|Comedy|Sci-Fi
The Ref (1994)	Comedy|Crime|Drama
CÌ¢nd se lasÌ£ seara peste Bucuresti sau metabolism (2013)	Drama
Whatever Works (2009)	Comedy|Romance
Twelve Mile Road (2003)	Drama
As Good as It Gets (1997)	Comedy|Drama|Romance
Filmage: The Story of Descendents/All (2013)	Documentary|Biography|Music
Mr. Jealousy (1997)	Comedy|Romance
Dragon Ball Z: Super Android 13 (1992)	Animation|Action|Sci-Fi
A Cross the Universe (2008)	Documentary|Music
Genius (2016)	Biography|Drama
Bill Maher: I'm Swiss (2005)	Documentary|Comedy
The Dark Hours (2005)	Horror|Thriller
Le nozze di Laura (2015)	Drama
Cherry Falls (2000)	Horror|Mystery|Thriller
Green Zone (2010)	Action|Drama|Thriller
Divorce Corp (2014)	Documentary|Drama|History
Final Sale (2011)	Crime|Drama|Thriller
The Capsule (2012)	Short|Drama
GÌ©raldine (2000)	Animation|Short|Comedy
The Games Maker (2014)	Adventure|Family
Ak-ui yeon-dae-gi (2015)	Crime|Drama|Thriller
Expelled: No Intelligence Allowed (2008)	Documentary
Silver Tongues (2011)	Drama
Chosen (2016)	Drama|War
Murph: The Protector (2013)	Documentary
Party Monster (1998)	Documentary|Biography
In Search of Mozart (2006)	Documentary|Music
Un cartus de kent si un pachet de cafea (2004)	Short
The Wrong Man (1993)	Romance|Thriller
War Room (2015)	Drama
Genius Party (2007)	Animation
Del Shodegan (1992)	Drama|History|Music
Easier with Practice (2009)	Drama|Romance
Morgan PÌ´lsson - vÌ_rldsreporter (2008)	Comedy
Ghosts of Mississippi (1996)	Drama|History
Vampire in Brooklyn (1995)	Comedy|Fantasy|Horror
Amar te duele (2002)	Drama|Romance
In a Day (2006)	Comedy|Drama|Romance
8:46 (2011)	Drama
All Souls Day: Dia de los Muertos (2005)	Horror|Thriller
Zombadings 1: Patayin sa shokot si Remington (2011)	Comedy|Horror|Romance
La femme qui boit (2001)	Drama|Romance
La jalousie (2013)	Drama
House of Boys (2009)	Drama|Musical|Romance
American Legends (2001)	Animation|Family|Fantasy
Spirit Trap (2005)	Horror|Thriller
Storm Rider (2013)	Drama|Family
Deserter (2002)	Drama|War
Laurel Canyon (2002)	Drama
American Gun (2002)	Drama
Goya's Ghosts (2006)	Biography|Drama|History
Rise of the Footsoldier (2007)	Biography|Crime|Drama
Sausage Party (2016)	Animation|Adventure|Comedy
Doragon bÌ«ru: SaikyÌ« e no michi (1996)	Animation|Action|Adventure
Holidays (2016)	Horror
Dirty 30 (2016)	Comedy
Pokí©mon: The First Movie - Mewtwo Strikes Back (1998)	Animation|Action|Adventure
Lo que sÌ© de Lola (2006)	Romance
Cat Shit One (2010)	Animation|Short|Action
Winnie the Pooh (2011)	Animation|Adventure|Comedy
Protagonist (2007)	Documentary
Fight Club: Members Only (2006)	Action|Comedy|Crime
Barbie & Her Sisters in the Great Puppy Adventure (2015)	Animation|Adventure|Family
Ji jie hao (2007)	Action|Biography|Drama
Instrument (2003)	Documentary
Frozen Fever (2015)	Animation|Short|Adventure
The Seamstress (2009)	Crime|Horror|Mystery
Parts Per Billion (2014)	Drama|Romance|Sci-Fi
Brothers (2015)	Action|Drama|Sport
Quod erat demonstrandum (2013)	Drama
Fighter Pilot: Operation Red Flag (2004)	Documentary|Short
Heaven and Earth (1990)	Action|Adventure|Drama
The Poet (2007)	Drama
Revengers Tragedy (2002)	Drama
Het zwijgen (2006)	Mystery
AÌ±o bisiesto (2010)	Drama|Romance
Trade (2007)	Crime|Drama|Thriller
I Am Legend (2007)	Drama|Horror|Sci-Fi
Countdown (2016)	Action|Crime|Mystery
Kill Katie Malone (2010)	Horror|Thriller
The Sorcerer and the White Snake (2011)	Action|Fantasy
Mirch (2010)	Comedy|Drama|Fantasy
20,000 Days on Earth (2014)	Documentary|Drama|Music
Jakeob-ui jeongseok (2005)	Comedy|Romance
Alles moet weg (1996)	Comedy|Drama
Remarkable Power (2008)	Comedy
Maverick (1994)	Action|Adventure|Comedy
Michiel de Ruyter (2015)	Action|Adventure|Biography
True Story (2015)	Crime|Drama|Mystery
Adanggaman (2000)	Drama
Trespass (1992)	Action|Thriller
MÌ¼sica Campesina (2011)	Comedy|Drama|Music
Ghost in the Shell Arise: Border 4 - Ghost Stands Alone (2014)	Animation|Action|Sci-Fi
Les Lyonnais (2011)	Drama|Thriller
Sunny in the Dark (2016)	Drama
The Misadventures of Margaret (1998)	Comedy|Romance
Around the World in 80 Days (2004)	Action|Adventure|Comedy
Unknown White Male (2005)	Documentary|Biography
The Remaining (2014)	Horror|Thriller
Oldeuboi (2003)	Drama|Mystery|Thriller
Limited Partnership (2014)	Documentary|Biography|Drama
Skenbart: En film om tí«g (2003)	Comedy|Thriller
Kertu (2013)	Drama|Romance
Gambit (2012)	Comedy|Crime
Road to Redemption (2001)	Action|Comedy|Drama
Russkiy kovcheg (2002)	Drama|Fantasy|History
Anaganaga O Dheerudu (2011)	Adventure|Family|Fantasy
Curse of the Wolf (2006)	Action|Comedy|Horror
Calvaire (2004)	Horror
Kizumonogatari: I Tekketsu-hen (2016)	Animation|Action|Comedy
Prodigal Sons (2008)	Documentary
Rush Hour 2 (2001)	Action|Comedy|Crime
Who Killed Captain Alex? (2010)	Action
Wings of Courage (1995)	Adventure|Romance
The Lightkeepers (2009)	Comedy
Valentine (2001)	Horror|Mystery|Thriller
Julia (2008)	Crime|Drama|Thriller
Nine Lives (2016)	Comedy|Family|Fantasy
Where the Trail Ends (2012)	Documentary|Adventure|Drama
The Rookie (1990)	Action|Comedy|Crime
Devot (2003)	Drama|Thriller|Mystery
Cube (1997)	Drama|Mystery|Sci-Fi
Into the Abyss (2011)	Documentary|Crime|Drama
Koch (2012)	Documentary|Biography|History
Sabrina (1995)	Comedy|Drama
Man Up (2015)	Comedy|Drama|Romance
The Demented (2013)	Horror
The War Boys (2009)	Crime|Drama|Romance
The Details (2011)	Comedy|Drama
Mutant Chronicles (2008)	Action|Adventure|Sci-Fi
Pootie Tang (2001)	Comedy|Musical|Adventure
The Internet's Own Boy: The Story of Aaron Swartz (2014)	Documentary|Biography|Crime
Salt (2010)	Action|Crime|Mystery
Deepwater Horizon (2016)	Action|Drama|Thriller
El Medico: The Cubaton Story (2011)	Documentary|Drama|Family
Grantham & Rose (2014)	Comedy|Drama|Family
Hellbound? (2012)	Documentary
Het paard van Sinterklaas (2005)	Drama|Family
New Waterford Girl (1999)	Comedy
Redistributors (2016)	Thriller
Le confessioni (2016)	Drama|Thriller
The President (2014)	Drama
The Ministers (2009)	Crime|Drama
Aparecidos (2007)	Horror
The Grief of Others (2015)	Drama
Ziarno prawdy (2015)	Crime|Thriller
One Week (2008)	Adventure|Drama
Multiple Sarcasms (2010)	Drama
La mujer de BenjamÌ_n (1991)	Comedy|Drama
Bazodee (2016)	Drama|Musical|Romance
Twogether (1992)	Comedy|Drama|Romance
Dear Mr. Watterson (2013)	Documentary
The Bandit Hound (2016)	Comedy
Life in a Day (2011)	Documentary|Drama
X: First Class (2011)	Action|Adventure|Sci-Fi
Twilight (1998)	Crime|Drama|Mystery
Triangle (2009)	Fantasy|Mystery|Thriller
Vincent & Theo (1990)	Biography|Drama
Kamome shokudÌ« (2006)	Comedy|Drama
Si-ra-no; Yeon-ae-jo-jak-do (2010)	Comedy|Romance
After the Ball (2015)	Comedy
It's Alive (2008)	Horror|Sci-Fi
Railroad Tigers (2016)	Action|Comedy|War
Tapped Out (2014)	Action|Drama|Sport
Prince Among Slaves (2007)	Documentary
La stanza del figlio (2001)	Drama
Thomas Kinkade's Christmas Cottage (2008)	Biography|Drama
Tom Segura: Completely Normal (2014)	Comedy
Dear Zachary: A Letter to a Son About His Father (2008)	Documentary|Crime|Drama
W. (2008)	Biography|Drama|History
Songhwan (2003)	Documentary
The Chatroom (2002)	Comedy
Modeon boi (2008)	Drama
Life After People (2008)	Documentary|Sci-Fi
The Good Guy (2009)	Comedy|Romance
Home (2013)	Drama
Immortal Beloved (1994)	Biography|Drama|Music
The Locals (2003)	Horror|Thriller
Larry the Cable Guy: Health Inspector (2006)	Comedy|Romance
She's Lost Control (2014)	Drama
Angry Indian Goddesses (2015)	Comedy|Drama
Chillerama (2011)	Comedy|Horror
Ratchet (1996)	Thriller
Camp Hell (2010)	Drama|Horror
Le premier homme (2011)	Drama
Linda Linda Linda (2005)	Comedy|Drama|Music
TÌ«kyÌ« zonbi (2005)	Action|Comedy|Horror
Somewhere in the City (1998)	Drama|Comedy
Return to the Blue Lagoon (1991)	Adventure|Drama|Romance
U ri Sunhi (2013)	Comedy|Drama|Romance
Clean (2004)	Drama|Music|Romance
Cherrybomb (2009)	Drama|Thriller
Helena from the Wedding (2010)	Comedy|Drama
Hell and Mr. Fudge (2012)	Drama
Ironclad: Battle for Blood (2014)	Action|Adventure
Silent Ones (2013)	Drama|Mystery|Thriller
The Unsaid (2001)	Crime|Drama|Mystery
ía commence aujourd'hui (1999)	Drama
Convict (2014)	Action|Crime|Drama
Daylight Robbery (2008)	Crime|Drama|Thriller
Jadesoturi (2006)	Action|Adventure|Drama
Dragon (2011)	Action|Crime|Drama
Life Partners (2014)	Comedy|Romance
Embrace of the Vampire (2013)	Horror
Cinema Komunisto (2010)	Documentary|History
San Francisco 2.0 (2015)	Documentary
Take the Trash (2008)	Comedy
Cinderella Man (2005)	Biography|Drama|Sport
Touchy Feely (2013)	Drama
Where Sleeping Dogs Lie (1991)	Crime|Mystery|Thriller
Love, Wedding, Marriage (2011)	Comedy
Singham (2011)	Action|Crime|Drama
Tears of Steel (2012)	Short|Sci-Fi
To Cross the Rubicon (1991)	Comedy
Forever Strong (2008)	Drama|Sport
Nordvest (2013)	Action|Crime|Drama
Death in Love (2008)	Drama|Romance|War
Di renjie: Tong tian di guo (2010)	Action|Adventure|Drama
Mo jong yuen So Hat-Yi (1992)	Action|Comedy|Drama
åÁVivan las antÌ_podas! (2011)	Documentary
State of Play (2009)	Crime|Drama|Mystery
VÌ_Ì_peli KÌ¦rmy ja kahtesti laukeava (1997)	Comedy|War
Flodder 3 (1995)	Comedy
Noksaek uija (2005)	Drama|Romance
My Date with Drew (2004)	Documentary
Les poupí©es russes (2005)	Comedy|Drama|Romance
Carnage Park (2016)	Action|Crime|Horror
Iron Maiden: Flight 666 (2009)	Documentary|Music
Dead Ahead: The Exxon Valdez Disaster (1992)	Drama
Bogus (1996)	Comedy|Family|Fantasy
Kim Bok-nam salinsageonui jeonmal (2010)	Crime|Drama|Horror
Hair Show (2004)	Comedy|Romance
Accepted (2006)	Comedy
Autumn in New York (2000)	Drama|Romance
Love (2015)	Drama|Romance
The Cokeville Miracle (2015)	Drama|Family|History
Anna (2013)	Drama|Mystery|Thriller
Gerontophilia (2013)	Comedy|Romance
Stop at Nothing: The Lance Armstrong Story (2014)	Documentary|Biography|Sport
La piel que habito (2011)	Drama|Thriller
Toolbox Murders (2004)	Horror|Mystery|Thriller
Dimensions (2011)	Drama
Late Bloomers (1996)	Comedy|Drama|Romance
Good Boy, Bad Boy (2007)	Comedy|Musical|Romance
Piled Higher and Deeper (2011)	Comedy|Drama
Ji zhan (2013)	Action|Drama
Wisconsin Death Trip (1999)	Drama|History
Funny Games (1997)	Crime|Drama|Horror
127 Hours (2010)	Adventure|Biography|Drama
Kuan meun ho (2010)	Comedy|Romance
Katyn (2007)	Drama|History|War
Day of the Falcon (2011)	Adventure|Drama
The Lost Prince (2003)	Biography|Drama
íó la folie... pas du tout (2002)	Romance|Thriller
The Freebie (2010)	Comedy|Drama
The Notebook (2004)	Drama|Romance
Raging Phoenix (2009)	Action|Romance
The Manzanar Fishing Club (2012)	Documentary|Adventure|History
Ouija (2014)	Horror|Thriller
No Problem (2010)	Action|Comedy|Crime
Mary and Max (2009)	Animation|Comedy|Drama
Ellen DeGeneres: The Beginning (2000)	Comedy|Documentary
Pente lepta akoma (2006)	Comedy|Drama|Fantasy
Karan Arjun (1995)	Action|Comedy|Fantasy
Ritual (2002)	Horror
Swerve (2011)	Crime|Drama|Thriller
The Millennials (2015)	Comedy|Drama|Romance
Wanderers (2014)	Animation|Short|Sci-Fi
A Common Man (2013)	Action|Thriller
Down in the Valley (2005)	Drama|Romance|Thriller
What the #$*! Do We (K)now!? (2004)	Documentary|Comedy|Drama
Elles (2011)	Drama
My Summer Prince (2016)	Comedy|Family|Romance
Christmas Carol: The Movie (2001)	Animation|Family
RV (2006)	Adventure|Comedy|Family
Dah (2002)	Drama
Snarveien (2009)	Horror|Thriller
Volver (2006)	Comedy|Crime|Drama
Disco Pigs (2001)	Crime|Drama|Romance
Constantine's Sword (2007)	Documentary|Biography
Leprechaun 3 (1995)	Comedy|Fantasy|Horror
The Wicked (2013)	Fantasy|Horror|Thriller
Beaufort (2007)	Action|Drama|War
Sint (2010)	Horror
Mama's Boy (2007)	Comedy|Drama
A Golden Christmas (2009)	Comedy|Family|Romance
Hvordan vi slipper af med de andre (2007)	Comedy|Drama|Sci-Fi
Bottle Shock (2008)	Comedy|Drama
Technotise - Edit i ja (2009)	Animation|Drama|Sci-Fi
ABCs of Death 2.5 (2016)	Comedy|Horror
Turn of Faith (2002)	Crime|Drama
Zhapatlela 2 (2013)	Horror
Mi Mejor Enemigo (2005)	Comedy|Drama
Flower Girl (2009)	Romance
Kalifornia (1993)	Crime|Drama|Thriller
Man of Her Dreams (1997)	Drama|Thriller
Marvel One-Shot: Item 47 (2012)	Short|Action|Sci-Fi
Beyond the Sea (2004)	Biography|Drama|Music
John Dies at the End (2012)	Comedy|Horror|Sci-Fi
Breaking and Entering (2010)	Documentary|Comedy
Code 46 (2003)	Drama|Romance|Sci-Fi
More Things That Happened (2007)	Drama|Mystery
12:01 PM (1990)	Sci-Fi|Short
Rush (2013)	Action|Biography|Drama
Mushi-Shi: The Movie (2006)	Fantasy
Escort (2006)	Thriller
The Butterfly Tattoo (2009)	Drama|Romance|Thriller
Santa Baby 2: Christmas Maybe (2009)	Comedy|Fantasy
Me Without You (2001)	Drama
Casomai (2002)	Comedy|Romance
Nemesis 3: Time Lapse (1996)	Action|Thriller|Sci-Fi
The Hitman (1991)	Action|Crime|Thriller
Rising from Ashes (2012)	Documentary|Sport
Kishibe no tabi (2015)	Drama|Fantasy|Romance
Bait (2012)	Action|Horror|Sci-Fi
Analyze That (2002)	Comedy|Crime
Al-too-bi: Riteon too beiseu (2012)	Action|Drama|Romance
Les visiteurs (1993)	Comedy|Fantasy
Perestroika (2009)	Drama
Anche libero va bene (2006)	Drama
Bobcat Goldthwait: You Don't Look the Same Either. (2012)	Documentary|Comedy
La mujer sin cabeza (2008)	Drama|Mystery|Thriller
Journey to Space (2015)	Documentary|Adventure|Sci-Fi
The Curse of King Tut's Tomb (2006)	Adventure|Fantasy|Horror
Transit (2012)	Action|Crime|Thriller
The Assignment (1997)	Action|Crime|Thriller
Am zin 2 (2001)	Crime|Action
Goemon (2009)	Action|Drama
La sierra (2005)	Documentary
All Things Must Pass: The Rise and Fall of Tower Records (2015)	Documentary|History|Music
Paanch (2003)	Crime|Thriller
Malice@Doll (2004)	Animation|Horror|Sci-Fi
Crimes of the Past (2009)	Drama
(Dis)Honesty: The Truth About Lies (2015)	Documentary|Drama|News
Cleaner (2007)	Crime|Mystery|Thriller
The Gay Bed and Breakfast of Terror (2007)	Comedy|Horror
Nunnan (2007)	Documentary
Deliver Us from Evil (2006)	Documentary|Crime
Salam Neighbor (2015)	Documentary|Adventure|Drama
Langer licht (2006)	Drama
Iliza Shlesinger: Freezing Hot (2015)	Documentary|Comedy
Leonie (2010)	Biography|Drama
Ae Fond Kiss... (2004)	Drama|Romance
La belle noiseuse (1991)	Drama
Macbeth (2015)	Drama|War
Bachelorette (2012)	Comedy|Romance
Walking on Sunshine (2014)	Musical|Romance
The Class of 92 (2013)	Documentary|Sport
The Apology (2016)	Documentary
Date and Switch (2014)	Comedy|Romance
Running the Sahara (2007)	Documentary|Sport
Sidekick (2005)	Fantasy|Sci-Fi
F.C. De Kampioenen: Kampioen zijn blijft plezant (2013)	Comedy
Waitress (2007)	Comedy|Drama|Romance
Step Brothers (2008)	Comedy
City Slickers (1991)	Comedy
My New Gun (1992)	Comedy
Public Speaking (2010)	Documentary
A Perfect Day (2015)	Comedy|Drama|War
Guelwaar (1992)	Drama
The Transporter Refueled (2015)	Action|Crime|Thriller
Eva (2011)	Drama|Fantasy|Sci-Fi
Asier ETA biok (2013)	Documentary|Biography|Family
Hotel (2001)	Comedy
De grínne slagtere (2003)	Comedy|Drama
The Fast and the Furious (2001)	Action|Crime|Thriller
The Heart of the World (2000)	Short
Stinsen brinner... filmen alltsí« (1991)	Comedy|Musical
Dí©jíæ Vu (1997)	Drama|Romance
The Cookout (2004)	Comedy
Mere Brother Ki Dulhan (2011)	Comedy|Family|Romance
The Package (2013)	Action|Crime|Thriller
Gau ban ji ma goon ji baak min bau ching tin (1994)	Comedy
L'affaire Farewell (2009)	Drama|Romance|Thriller
C'est pas moi, je le jure! (2008)	Comedy|Drama|Family
Prom Night III: The Last Kiss (1990)	Comedy|Horror|Thriller
Preaching to the Perverted (1997)	Comedy|Drama
Repentance (2013)	Drama|Horror|Thriller
Offline (2012)	Drama
The Hunchback (1997)	Drama|Horror|Romance
Fubar (2002)	Comedy|Music
HazMat (2013)	Horror|Thriller
Yeongeo wanjeonjeongbok (2003)	Comedy|Romance
Zero. Alyvine Lietuva (2006)	Crime|Thriller
Gekijouban Bureiku bureido Daiisshou: Kakusei no koku (2010)	Animation|Action|Drama
Unrelated (2007)	Drama
Martyrs (2008)	Horror
íó la mode (1993)	Comedy
The Invisible Frame (2009)	Documentary
Kung Fu Panda (2008)	Animation|Action|Adventure
Spanish Judges (2000)	Crime|Drama
Don't Think Twice (2016)	Comedy|Drama
Turtle Power: The Definitive History of the Teenage Mutant Ninja Turtles (2014)	Documentary
Waiting to Exhale (1995)	Comedy|Drama|Romance
Crimes Against Humanity (2014)	Comedy
Shut Up & Sing (2006)	Documentary|Biography|Music
Omar (2013)	Drama|Romance|Thriller
Valkyrie (2008)	Drama|History|Thriller
Manhunt: The Inside Story of the Hunt for Bin Laden (2013)	Documentary|History|War
Foodies (2014)	Documentary
Miss Farkku-Suomi (2012)	Comedy|Drama|Music
Treto poluvreme (2012)	Drama|History|Romance
Transformers: Dark of the Moon (2011)	Action|Adventure|Sci-Fi
Chin gei bin 2: Fa tou tai kam (2004)	Action|Adventure|Comedy
Aleksandr's Price (2013)	Drama
Bo (2010)	Drama
Neighboring Sounds (2012)	Drama|Thriller
August (2008)	Drama
Hata GÌ¦teborg (2007)	Comedy|Drama
Howard Zinn: You Can't Be Neutral on a Moving Train (2004)	Documentary
Torrente 2: MisiÌ_n en Marbella (2001)	Action|Comedy|Crime
Ogamdo (2009)	Drama
Road to Victory (2007)	Drama|Sport
Pet Sematary II (1992)	Fantasy|Horror
The Ventriloquist (2012)	Short|Comedy|Drama
Still Bill (2009)	Documentary|Biography|Music
Monsieur Batignole (2002)	Comedy|Drama|War
Price Check (2012)	Comedy|Drama
Gangster's Paradise: Jerusalema (2008)	Action|Crime|Drama
Dolfje Weerwolfje (2011)	Family
HrÌ¼tar (2015)	Drama
Dinotasia (2012)	Documentary|Animation
The Wind That Shakes the Barley (2006)	Drama|War
Tim and Eric's Billion Dollar Movie (2012)	Comedy
Swiss Army Man (2016)	Adventure|Comedy|Drama
Slow Learners (2015)	Comedy|Romance
Role Models (2008)	Comedy
Gluckauf (2015)	Crime|Drama
Homegrown: The Counter-Terror Dilemma (2016)	Documentary
13 Hours in a Warehouse (2008)	Horror|Thriller
Son of the Pink Panther (1993)	Comedy|Crime
Gia panta (2014)	Drama
Pa-gwi-dwin sa-na-i (2010)	Thriller
Listening (2014)	Drama|Sci-Fi|Thriller
The Flying Machine (2011)	Animation|Adventure|Family
Spark: A Burning Man Story (2013)	Documentary|Action|Biography
Racing Dreams (2009)	Documentary|Sport
Ex-Girlfriends (2012)	Comedy|Drama
Sexual Chronicles of a French Family (2012)	Comedy|Drama|Romance
Hao nan hao nu (1995)	Drama|Romance
College Road Trip (2008)	Adventure|Comedy|Drama
The Burning Plain (2008)	Crime|Drama|Romance
Tschick (2016)	Comedy|Drama|Family
Sukiyaki Western Django (2007)	Action|Western
Septic Man (2013)	Horror
Monsters vs. Aliens (2009)	Animation|Action|Adventure
The Deal (2003)	Drama
The Substance: Albert Hofmann's LSD (2011)	Documentary|Biography|History
Jack Brooks: Monster Slayer (2007)	Action|Comedy|Horror
Amazing Johnathan: Wrong on Every Level (2006)	Comedy
The Barber (2014)	Thriller
Werewolf: The Devil's Hound (2007)	Action|Comedy|Horror
Certified Copy (2010)	Drama
Shelter Island (2011)	Documentary|Biography|Drama
Autopsy (2008)	Horror|Mystery|Thriller
Phantom Love (2007)	Drama
The Tale of Despereaux (2008)	Animation|Adventure|Comedy
The Princess of France (2014)	Comedy|Drama|Romance
The Retrieval (2013)	Adventure|Drama|Western
Cabin Boy (1994)	Adventure|Comedy|Romance
La fille sur le pont (1999)	Comedy|Drama|Romance
The Human Scale (2012)	Documentary|News
ZwÌ¦lf StÌ_hle (2004)	Comedy
Radical Grace (2015)	Documentary|News
Kikujiro (1999)	Drama|Comedy
Spy (2015)	Action|Comedy|Crime
Le Grand Chef (2007)	Comedy|Drama
Lies (1999)	Drama
Ice Spiders (2007)	Horror
Bailey's Billion$ (2005)	Comedy|Family
The Diary of a Teenage Girl (2015)	Drama|Romance
Nanjing! Nanjing! (2009)	Drama|History|War
Don McKay (2009)	Drama|Mystery|Thriller
Grave Secrets: The Legacy of Hilltop Drive (1992)	Horror|Thriller
Wrong Turn 4: Bloody Beginnings (2011)	Horror
Nowhere (1997)	Comedy|Drama|Sci-Fi
Fair Game (2010)	Biography|Drama|Thriller
The Front (2010)	Crime|Mystery
American Movie (1999)	Documentary|Comedy
Elysium (2013)	Action|Drama|Sci-Fi
American Animal (2011)	Comedy|Drama
Steal This Film (2006)	Documentary
There's Only One Sun (2007)	Short|Drama|Romance
Mary Shelley's Frankenstein (1994)	Drama|Horror|Romance
B-Side (2013)	Comedy|Romance
Pig (2011)	Drama|Mystery|Sci-Fi
By Hook or by Crook (2001)	Crime|Drama|Romance
Mike Birbiglia: What I Should Have Said Was Nothing (2008)	Comedy
A Mighty Heart (2007)	Biography|Drama|History
A Crack in the Floor (2001)	Horror
I Saw the Devil (2010)	Action|Crime|Drama
Se Eu Fosse VocíÈ (2006)	Comedy
Flamenco (1995)	Documentary|Music
Buddy Boy (1999)	Drama|Thriller
Under Our Skin (2008)	Documentary
Sleepover (2004)	Comedy|Romance
Yaadein... (2001)	Musical|Drama|Romance
The Willies (1990)	Horror|Comedy
Metro (1997)	Action|Comedy|Crime
Hardcore Henry (2015)	Action|Adventure|Sci-Fi
The Hills Have Eyes (2006)	Horror
Killer Tomatoes Strike Back! (1991)	Action|Comedy|Horror
Western (2015)	Documentary|Western
Three Lives and Only One Death (1996)	Comedy|Crime
I rymden finns inga kÌ_nslor (2010)	Comedy|Drama|Romance
Mulholland Falls (1996)	Crime|Drama|Mystery
Az Ì©jszakÌÁm a nappalod (2015)	Comedy|Crime
The Brave Little Toaster Goes to Mars (1998)	Animation|Adventure|Family
Deewangee (2002)	Crime|Thriller|Drama
I Heart Huckabees (2004)	Comedy
The D Train (2015)	Comedy|Drama
Noel (2004)	Drama
Martha Marcy May Marlene (2011)	Drama|Mystery|Thriller
Blue Seduction (2009)	Thriller
El cadÌÁver de Anna Fritz (2015)	Drama|Thriller
Farmageddon (2011)	Documentary|News
Orson Welles: The One-Man Band (1995)	Documentary
Igor (2008)	Animation|Comedy|Family
The Runner (2015)	Drama
San tiao ren (1999)	Drama
Eri Eri rema sabakutani (2005)	Drama|Music|Sci-Fi
Little Fockers (2010)	Comedy|Romance
The Event (2003)	Drama
Gold Diggers: The Secret of Bear Mountain (1995)	Adventure|Drama|Family
Country Life (1994)	Drama|Romance
Ghanchakkar (2013)	Comedy|Crime|Thriller
Countdown to Zero (2010)	Documentary
The Possession of David O'Reilly (2010)	Horror
TentaÌ¤Ì£o (1997)	Drama|Romance
Married Life (2007)	Crime|Drama|Romance
American Gangster (2007)	Biography|Crime|Drama
The Void (2001)	Sci-Fi|Thriller
Deep Crimson (1996)	Crime|Drama|Romance
Croczilla (2012)	Action|Comedy|Horror
Frankie and Johnny (1991)	Comedy|Drama|Romance
Mon fils ÌÊ moi (2006)	Drama
LOL (2006)	Comedy|Drama
L.A. Story (1991)	Comedy|Drama|Fantasy
The Girl from Monday (2005)	Action|Comedy|Sci-Fi
Inescapable (2012)	Action|Drama|Mystery
The Walking Deceased (2015)	Comedy|Horror
Stigmata (1999)	Horror
Blackout (2008)	Mystery|Thriller
Harry Potter and the Sorcerer's Stone (2001)	Adventure|Family|Fantasy
Guilty as Sin (1993)	Crime|Drama|Thriller
Enchanted April (1991)	Drama
Star Maps (1997)	Comedy|Drama
Idiocracy (2006)	Adventure|Comedy|Sci-Fi
Live Free or Die Hard (2007)	Action|Adventure|Thriller
Nymphomaniac: Vol. I (2013)	Drama
A Christmas Kiss II (2014)	Comedy|Romance
Jimmy Carr: Comedian (2007)	Documentary|Comedy
Dresden (2006)	Drama|Romance|War
I Will Follow (2010)	Drama
The Intruder (1999)	Drama|Mystery|Romance
Such Hawks Such Hounds (2008)	Documentary
Seom (2000)	Drama|Thriller
Omae umasoudana (2010)	Animation
The Righteous Thief (2009)	Action|Adventure|Crime
Bamako (2006)	Drama
Smile (2005)	Adventure|Drama
Ohm Shanthi Oshaana (2014)	Comedy|Romance
Absolutely Anything (2015)	Comedy|Sci-Fi
Da cha fan (2014)	Comedy|Crime|Romance
The Poughkeepsie Tapes (2007)	Horror|Mystery|Thriller
Destiny Turns on the Radio (1995)	Crime|Comedy|Fantasy
Patch Town (2014)	Adventure|Comedy|Fantasy
The Reckoning (2014)	Crime|Mystery|Thriller
Green Sails (2000)	Adventure|Drama|Thriller
Harold & Kumar Go to White Castle (2004)	Adventure|Comedy
An American Girl Holiday (2004)	Family|Drama
The True Cost (2015)	Documentary|Biography|Drama
A Very Merry Mix-Up (2013)	Comedy|Drama|Family
De muze (2007)	Drama
Lourdes (2009)	Drama
Porto da Minha InfÌ¢ncia (2001)	Drama
Sams in Gefahr (2003)	Family
Ecstasy of Order: The Tetris Masters (2011)	Documentary
Everybody Has a Plan (2012)	Crime|Drama|Thriller
Hotline (2014)	Documentary|Biography|History
Anatomy of a Love Seen (2014)	Drama|Romance
Don's Plum (2001)	Comedy|Drama
The Run of the Country (1995)	Drama|Romance
Carnival of Souls (1998)	Drama|Horror|Mystery
G.B.F. (2013)	Comedy|Romance
The Rum Diary (2011)	Comedy|Drama
Incendiary (2008)	Drama|Romance|Thriller
An Honest Liar (2014)	Documentary|Biography|Comedy
Maggie (2015)	Drama|Horror
Amish Grace (2010)	Biography|Drama
Meth (2006)	Documentary
Wyrmwood: Road of the Dead (2014)	Action|Comedy|Horror
Grumpy Cat's Worst Christmas Ever (2014)	Adventure|Comedy
Pierrepoint: The Last Hangman (2005)	Biography|Crime|Drama
Return to Sleepaway Camp (2008)	Comedy|Horror|Mystery
Kurmanjan datka (2014)	Action|Biography|Drama
Folk Hero & Funny Guy (2016)	Comedy
Of Love and Shadows (1994)	Drama
Zombie Resurrection (2014)	Horror
Ankhon Dekhi (2013)	Comedy|Drama
How to Let Go of the World and Love All the Things Climate Can't Change (2016)	Documentary
Gigantic (2008)	Comedy|Drama|Romance
Zindagi Na Milegi Dobara (2011)	Adventure|Comedy|Drama
Beavis and Butt-Head Do America (1996)	Animation|Adventure|Comedy
The Fighting Temptations (2003)	Comedy|Drama|Music
The Circle (2002)	Thriller
Blind Terror (2001)	Thriller|Drama|Mystery
Somos lo que hay (2010)	Drama|Horror
Oki's Movie (2010)	Comedy|Drama
The Dark (2005)	Horror|Mystery|Thriller
Quiet City (2007)	Drama
Suen lo chor (2016)	Comedy|Crime
Bejbi blues (2012)	Drama
Ali G Indahouse (2002)	Comedy|Romance
Race 2 (2013)	Action|Crime|Thriller
Intimacy (2001)	Drama|Romance
Seeking a Friend for the End of the World (2012)	Adventure|Comedy|Drama
Committed (1991)	Drama
Actress (2014)	Documentary|Drama
Rambo (2008)	Action|Thriller|War
Rhyme & Reason (1997)	Documentary|Music
The Gamers: Hands of Fate (2013)	Adventure|Comedy|Fantasy
For the Bible Tells Me So (2007)	Documentary|Romance
Hello Herman (2012)	Drama
Two Lovers (2008)	Drama|Romance
Victoria (2015)	Crime|Drama|Romance
Jonny Quest Versus the Cyber Insects (1995)	Action|Adventure|Animation
Ví©nus beautí© (institut) (1999)	Comedy|Drama|Romance
Driven (2001)	Action|Drama|Sport
Snijeg (2008)	Drama
A Decade Under the Influence (2003)	Documentary
Judgment Night (1993)	Action|Crime|Drama
Montag kommen die Fenster (2006)	Drama
Dragonfly (2002)	Drama|Fantasy|Mystery
Bluffmaster! (2005)	Comedy|Romance|Thriller
Con Air (1997)	Action|Crime|Thriller
A Matador's Mistress (2008)	Biography|Drama|Romance
Harvey (1996)	Fantasy
Spy Game (2001)	Action|Crime|Thriller
Walt & El Grupo (2008)	Documentary
The Fluffy Movie: Unity Through Laughter (2014)	Comedy
Bong of the Dead (2011)	Action|Comedy|Horror
Animals (2012)	Drama|Fantasy
Art of the Prank (2015)	Documentary|Biography|Comedy
Nomad: The Warrior (2005)	Drama|History|War
Moroz po kozhe (2007)	Thriller|Drama
Tsirk sgorel, i klouny razbezhalis (1998)	Drama|Fantasy
Only Daughter (2013)	Drama
Digging for Fire (2015)	Drama
BlinkyTM (2011)	Short|Horror|Sci-Fi
Joy (2015)	Drama
Inspector Bellamy (2009)	Crime|Drama|Thriller
Mina olin siin (2008)	Crime|Drama
Word of Honor (2003)	Drama
The Designated Mourner (1997)	Drama
Auk nr 8 (2010)	Documentary|Drama
Not Fade Away (2012)	Drama
Mockingbird Don't Sing (2001)	Biography|Drama
Gadar: Ek Prem Katha (2001)	Action|Drama|Romance
Gray's Anatomy (1996)	Comedy|Drama
Desde allÌÁ (2015)	Drama|Romance
Brother Bear 2 (2006)	Animation|Adventure|Comedy
Wonderland (1999)	Drama
Frozen River (2008)	Crime|Drama
The Quick and the Dead (1995)	Action|Romance|Thriller
Big Momma's House 2 (2006)	Comedy|Crime
Submerged (2016)	Action|Thriller
The Carter (2009)	Documentary|Music
The Water Horse (2007)	Adventure|Family|Fantasy
La stella che non c'Ì¬ (2006)	Drama
See No Evil 2 (2014)	Horror
Interkosmos (2006)	Drama|History|Music
Tie saam gok (2007)	Action
Dances with Wolves (1990)	Adventure|Drama|Western
The Chosen One (2010)	Comedy|Drama
Aloha (2015)	Comedy|Drama|Romance
The Laramie Project (2002)	Drama|Crime
The Final Member (2012)	Documentary|Comedy|Drama
Boy Wonder (2010)	Action|Crime|Drama
Naissance des pieuvres (2007)	Drama|Romance
Under the Skin (2013)	Drama|Horror|Sci-Fi
Red Dust (2004)	Drama
Lust, Caution (2007)	Drama|Romance|Thriller
Kolka Cool (2011)	Comedy|Drama
As perimenoun oi gynaikes! (1998)	Comedy
Sibir. Monamur (2011)	Drama
Palais royal! (2005)	Comedy
Love Actually (2003)	Comedy|Drama|Romance
Montevideo, vidimo se! (2014)	Adventure|Comedy|Sport
Moonbase (1997)	Action|Sci-Fi
Confessions of a Brazilian Call Girl (2011)	Biography|Drama
Home Sweet Home (2008)	Comedy
Vergiss mein nicht (2012)	Documentary|Biography|Family
Infernal Affairs (2002)	Crime|Drama|Mystery
Day of the Dead (2008)	Action|Horror|Thriller
The Land Before Time VIII: The Big Freeze (2001)	Animation|Adventure|Family
The 100 Year-Old Man Who Climbed Out the Window and Disappeared (2013)	Adventure|Comedy
Hooking Up (2009)	Comedy|Drama
The Children of Leningradsky (2005)	Short|Documentary
Tren de sombras (1997)	Drama
OceanWorld 3D (2009)	Documentary
La confiance rÌ¬gne (2004)	Comedy
Hotel Hell Vacation (2010)	Short|Comedy|Family
Smiling Fish & Goat on Fire (1999)	Comedy|Romance
Andron (2015)	Action|Sci-Fi
Lawrence & Holloman (2013)	Comedy|Drama
My Sassy Girl (2008)	Comedy|Drama|Romance
A Golden Christmas 3 (2012)	Comedy|Family|Romance
Ghost World (2001)	Comedy|Drama
Shor in the City (2010)	Crime|Drama
Most (2003)	Short|Drama
In the Shadows (2001)	Drama|Thriller
The Great Raid (2005)	Action|Drama|War
Losers Take All (2011)	Comedy
For a Good Time, Call... (2012)	Comedy
La sindrome di Stendhal (1996)	Horror|Mystery|Thriller
Freakonomics (2010)	Documentary
3x3 Eyes: Legend of the Divine Demon (1995)	Animation
One Nine Nine Four (2009)	Documentary|History|Music
Interceptor (1992)	Action|Sci-Fi
X: Past Is Present (2015)	Drama|Mystery|Romance
Alive Day Memories: Home from Iraq (2007)	Documentary
Dust to Glory (2005)	Documentary|Action|Adventure
Les fautes d'orthographe (2004)	Drama
Amorous (2014)	Drama|Romance
Una donna per la vita (2012)	Comedy
Lavoura Arcaica (2001)	Drama
In Your Eyes (2014)	Romance|Sci-Fi
Solstice (1994)	Drama
Sommersturm (2004)	Comedy|Drama|Romance
Allegiant (2016)	Action|Adventure|Mystery
Be My Valentine (2013)	Comedy|Family|Romance
Born to Raise Hell (2010)	Action|Thriller
Black by Accident (2011)	Comedy
Justice League: Doom (2012)	Animation|Action|Fantasy
Vanya on 42nd Street (1994)	Comedy|Drama|Romance
Exotica (1994)	Drama
Ah Foo (2000)	Drama|Romance|Sport
Break Free (2014)	Short
Supremacy (2014)	Drama
Caffeinated (2015)	Documentary|Adventure|News
Amber Alert (2012)	Horror|Mystery|Thriller
Garden State (2004)	Comedy|Drama|Romance
Little Manhattan (2005)	Comedy|Family|Romance
Get a Job (2016)	Comedy
All That I Am (2013)	Drama
Escape Plan (2013)	Action|Crime|Mystery
Switch (1991)	Comedy|Fantasy
From Bedrooms to Billions (2014)	Documentary
Muumit Rivieralla (2014)	Animation|Comedy|Family
Jamie and Jessie Are Not Together (2011)	Comedy|Musical|Romance
Straight Story (2006)	Comedy|Fantasy|Romance
The Secret World of Lewis Carroll (2015)	Documentary
A Series of Unfortunate Events (2004)	Adventure|Comedy|Family
Anjaana Anjaani (2010)	Comedy|Drama|Musical
Leprechaun (1993)	Comedy|Fantasy|Horror
Abduction (2011)	Action|Mystery|Thriller
Twinsters (2015)	Documentary|Biography|Family
The Disappearance of Eleanor Rigby: Him (2013)	Drama|Romance
La Ciudad (The City) (1998)	Drama
Godzilla 2000 (1999)	Action|Adventure|Drama
Vedam (2010)	Action|Crime|Drama
Bird on a Wire (1990)	Action|Comedy
Little Men (1998)	Drama
Gone Nutty (2002)	Animation|Short|Adventure
10 MPH (2007)	Documentary
The Time that Remains (2009)	Drama|History
Trois mondes (2012)	Drama
Scusate se esisto! (2014)	Comedy
The Finest Hours (2016)	Action|Drama|History
Roozi ke zan shodam (2000)	Comedy|Drama
Park Avenue: Money, Power and the American Dream (2012)	Documentary
Siren (2010)	Horror
The Butterfly Circus (2009)	Short|Drama
Double Play: James Benning and Richard Linklater (2013)	Documentary|Biography
Les beaux jours (2013)	Drama|Romance
ATM (2012)	Horror|Thriller
Jesus' Son (1999)	Drama
Spin the Bottle (2000)	Comedy|Drama|Romance
Kongen av BastÌüy (2010)	Action|Drama
Annaluise & Anton (1999)	Family|Comedy|Drama
Blessed (2004)	Drama|Horror|Thriller
The Guru (2002)	Comedy|Music|Romance
Land Ho! (2014)	Adventure|Comedy
Midnight Bayou (2009)	Drama|Mystery|Romance
Des gens qui s'embrassent (2013)	Comedy|Romance
Blue Mountain State: The Rise of Thadland (2016)	Comedy|Sport
Closing the Ring (2007)	Drama|Romance
Love Field (1992)	Drama
Bunty Aur Babli (2005)	Comedy|Drama|Romance
Nanny McPhee Returns (2010)	Comedy|Family|Fantasy
Eila (2003)	Drama
Promise Her Anything (1999)	Comedy|Drama|Fantasy
Humraaz (2002)	Action|Musical|Romance
Zhan. gu (2007)	Crime|Drama|Music
Hancock (2008)	Action|Crime|Drama
Atlas Shrugged II: The Strike (2012)	Drama|Mystery|Sci-Fi
Holidaze: The Christmas That Almost Didn't Happen (2006)	Animation|Comedy
Les couloirs du temps: Les visiteurs II (1998)	Comedy|Fantasy
Asian School Girls (2014)	Action|Crime|Thriller
Voditel dlya Very (2004)	Drama
The Boy Who Cried Werewolf (2010)	Comedy|Family|Fantasy
The Princess of Nebraska (2007)	Drama
Kingdom Come (2001)	Comedy|Drama|Family
God Help the Girl (2014)	Drama|Musical|Romance
La vie d'une autre (2012)	Comedy|Drama|Mystery
22 Jump Street (2014)	Action|Comedy|Crime
Shanghai Knights (2003)	Action|Adventure|Comedy
Spread (2009)	Comedy|Drama|Romance
The Great Debaters (2007)	Biography|Drama|Romance
Intruder (2016)	Horror|Thriller
The Traveler (2010)	Horror|Thriller
Pokí©mon 4Ever (2001)	Animation|Action|Adventure
Spotlight (2015)	Crime|Drama|History
Life During Wartime (2009)	Comedy|Drama
ÌÒrÌ_i (2010)	Drama|Romance
The Millionaire Tour (2012)	Action|Thriller
The Knot (2012)	Comedy|Romance
TambiÌ©n la lluvia (2010)	Drama|History
Lars and the Real Girl (2007)	Comedy|Drama|Romance
Burke and Hare (2010)	Comedy|Thriller
Senior Trip (1995)	Adventure|Comedy
Gekijouban Psycho-Pass (2015)	Animation|Action|Crime
Dying Young (1991)	Drama|Romance
True Lies (1994)	Action|Comedy|Thriller
10 Things I Hate About You (1999)	Comedy|Drama|Romance
Goodbye to All That (2014)	Comedy|Drama|Romance
A House in the Hills (1993)	Romance|Thriller
Vostochnaya elegiya (1996)	Drama|Short
The Spirit (2008)	Action|Crime|Fantasy
Viva Cuba (2005)	Comedy|Drama
A Horrible Way to Die (2010)	Drama|Horror|Thriller
Bunraku (2010)	Action|Drama|Fantasy
Mar Baum (1997)	Comedy|Drama
Nadie hablaríç de nosotras cuando hayamos muerto (1995)	Drama
Richard III (1995)	Drama|War
Once Upon a Holiday (2015)	Drama|Romance
De nieuwe wildernis (2013)	Documentary
La discrÌ¬te (1990)	Drama|Romance
Boulevard (2014)	Drama
Omagh (2004)	Drama
Great Expectations (1999)	Drama
Nousukausi (2003)	Comedy
Blessed and Cursed (2010)	Drama
How to Plan an Orgy in a Small Town (2015)	Comedy
Just for Kicks (2005)	Documentary
Bloodline (2010)	Horror
Beast Stalker (2008)	Action|Thriller
Ghostheads (2016)	Documentary
Genius on Hold (2012)	Documentary
A Gun for Jennifer (1997)	Crime|Drama|Thriller
The Offering (2016)	Drama|Horror|Mystery
Patterns of Evidence: Exodus (2014)	Documentary|History
Watermarks (2004)	Documentary|History|Sport
The Chicago 8 (2011)	Drama
Licks (2013)	Drama
Step Up Revolution (2012)	Drama|Music|Romance
I'll Be Home for Christmas (1998)	Comedy|Family
Bachna Ae Haseeno (2008)	Comedy|Drama|Romance
Cocaine Cowboys: Reloaded (2014)	Documentary
Last Man Standing (1996)	Action|Crime|Drama
Caro diario (1993)	Biography|Comedy|Drama
Noite Escura (2004)	Drama|Crime
Pee-wee's Big Holiday (2016)	Adventure|Comedy
Scarfies (1999)	Action|Comedy|Thriller
A Spell to Ward Off the Darkness (2013)	Documentary|Music
Knights (1993)	Action|Adventure|Sci-Fi
I Belong (2012)	Comedy|Drama
Need for Speed (2014)	Action|Crime|Drama
Thanksgiving Family Reunion (2003)	Comedy
Cargo (2009)	Mystery|Sci-Fi|Thriller
El baÌ±o del Papa (2007)	Comedy|Drama
Rodina (2015)	Drama
Ghosts (1997)	Short|Horror|Music
XX/XY (2002)	Drama|Romance
Mein Weg nach Olympia (2013)	Documentary|Sport
Lulu on the Bridge (1998)	Drama|Music|Mystery
On the Twelfth Day of Christmas (2015)	Comedy|Romance
Sex Lives of the Potato Men (2004)	Comedy
The Day Silence Died (1998)	Comedy|Drama
Gone Madigan (2010)	Documentary|Comedy
Asylum (2008)	Horror|Sci-Fi|Thriller
Ira & Abby (2006)	Comedy|Romance
Louis Theroux: Transgender Kids (2015)	Documentary|Reality-TV
The Flock (2007)	Crime|Drama|Mystery
The Turning (1992)	Drama
Scary Movie 2 (2001)	Comedy
12 Dates of Christmas (2011)	Comedy|Fantasy|Romance
Cleveland Abduction (2015)	Biography|Crime|Drama
Good Boy! (2003)	Comedy|Drama|Family
America's Most Hated Family in Crisis (2011)	Documentary
Plush (2013)	Drama|Music|Thriller
Addicted to Fresno (2015)	Comedy|Drama
Mune: Guardian of the Moon (2014)	Animation|Adventure
Taikon (2015)	Documentary
Biteu (1997)	Action|Crime|Drama
A Serious Man (2009)	Comedy|Drama
L'esquive (2003)	Drama|Romance
A Certain Kind of Death (2003)	Documentary
Another Happy Day (2011)	Comedy|Drama
Takedown: The DNA of GSP (2014)	Documentary
Nell (1994)	Drama
My Sassy Girl (2001)	Comedy|Drama|Romance
Chico: Artista Brasileiro (2015)	Documentary
Queen Margot (1994)	Biography|Crime|Drama
Open Range (2003)	Drama|Romance|Western
The First Time (2012)	Comedy|Drama|Romance
The Boy Next Door (2015)	Mystery|Thriller
United Passions (2014)	Drama|History|Sport
The Monster (1994)	Comedy|Crime|Mystery
Evil Toons (1992)	Animation|Comedy|Horror
The Business of Fancydancing (2002)	Drama|Music
You're Not You (2014)	Drama
Wicked Blood (2014)	Action|Crime|Drama
Ex Drummer (2007)	Comedy|Crime|Drama
Wendy and Lucy (2008)	Drama
Carmina o revienta (2012)	Comedy|Drama
Ghost Dad (1990)	Comedy|Family|Fantasy
Love's Enduring Promise (2004)	Drama|Family|Western
Maniac (2012)	Horror|Thriller
Encounter in the Third Dimension (1999)	Short|Adventure|Comedy
In the Room (2015)	Comedy|Drama|Romance
The War on Democracy (2007)	Documentary
Insidious: Chapter 3 (2015)	Horror|Thriller
The Match Factory Girl (1990)	Drama|Comedy
Clerks (1994)	Comedy
The Prometheus Project (2010)	Horror|Sci-Fi
The Skulls (2000)	Action|Crime|Drama
Linotype: The Film (2012)	Documentary|History|News
Appropriate Behavior (2014)	Comedy|Drama|Romance
Bear's Kiss (2002)	Drama|Fantasy|Romance
Keys to Tulsa (1997)	Crime|Drama|Thriller
Guilty Hearts (2006)	Drama
Pecker (1998)	Comedy|Drama
Putzel (2012)	Comedy|Drama|Romance
Shi gu (2015)	Drama
There Will Be Blood (2007)	Drama|History
Jimmy Carr: Funny Business (2016)	Documentary|Comedy
La cage dorÌ©e (2013)	Comedy
Augustine (2012)	Drama|History
Snow White (2005)	Drama
The Greatest Ears in Town: The Arif Mardin Story (2010)	Documentary|Biography|Music
Bedazzled (2000)	Comedy|Fantasy
Rock the Kasbah (2015)	Comedy|Music|War
Tin sun yut dui (2006)	Comedy|Drama
Haunted (1995)	Drama|Horror
Mercy Streets (2000)	Action|Drama|Crime
Les animaux amoureux (2007)	Documentary
The Last Airbender (2010)	Action|Adventure|Family
Get Smart's Bruce and Lloyd Out of Control (2008)	Action|Comedy|Romance
Ghosts of Girlfriends Past (2009)	Comedy|Fantasy|Romance
Bicho de Sete Cabeí_as (2000)	Drama
RÌ¦lli ja metsÌ_nhenki (2001)	Family|Fantasy|Music
Burning Blue (2013)	Biography|Drama|Romance
Red Riding: The Year of Our Lord 1983 (2009)	Crime|Drama|Mystery
The 'Socalled' Movie (2010)	Documentary
[Rec] 2 (2009)	Horror
Vibrator (2003)	Drama
Wedding Daze (2006)	Comedy|Romance
Scorchers (1991)	Comedy|Drama
Dobermann (1997)	Action|Crime|Thriller
Oneechanbara: The Movie (2008)	Action|Horror
Top wo Nerae 2! (2004)	Animation|Sci-Fi
Hard Candy (2005)	Crime|Drama|Thriller
The Diabolical (2015)	Horror|Sci-Fi
Ren xiao yao (2002)	Comedy|Drama
The Last: Naruto the Movie (2014)	Animation|Action|Adventure
The Brothers McMullen (1995)	Comedy|Drama|Romance
964 Pinocchio (1991)	Horror|Sci-Fi
Luther (2003)	Biography|Drama|History
Roll Bounce (2005)	Comedy|Drama|Music
Beautiful People (1999)	Comedy|Drama|War
Standing Army (2010)	Documentary|War
Katedra (2002)	Animation|Short|Sci-Fi
Bent (1997)	Drama|History|Romance
Fiza (2000)	Drama|Romance
xXx (2002)	Action|Adventure|Thriller
Joulupukki ja noitarumpu (1996)	Animation|Comedy|Family
Aanrijding in Moscou (2008)	Comedy|Drama|Romance
Everyone's Hero (2006)	Animation|Adventure|Comedy
Outlaws and Angels (2016)	Action|Adventure|Drama
Unzipped (1995)	Documentary
Flight of the Living Dead (2007)	Action|Horror|Sci-Fi
Ju-on: The Grudge (2002)	Horror
The Odd Couple II (1998)	Adventure|Comedy
Eight Crazy Nights (2002)	Animation|Comedy|Musical
Visioneers (2008)	Comedy|Drama|Sci-Fi
Management (2008)	Comedy|Drama|Romance
The Little Rascals Save the Day (2014)	Comedy|Family
Se qing nan nu (1996)	Comedy|Drama
Super High Me (2007)	Documentary|Comedy
ÌãkkilÌ_htÌ¦ (2016)	Comedy|Drama|Romance
St. Giuseppe Moscati: Doctor to the Poor (2007)	Biography
The Selfish Giant (2013)	Drama
The Big Day (1999)	Comedy
Paws (1997)	Adventure|Family|Fantasy
Ice Age: Collision Course (2016)	Animation|Adventure|Comedy
Felices 140 (2015)	Comedy|Drama
After.Life (2009)	Drama|Horror|Mystery
Soldier (1998)	Action|Drama|Sci-Fi
Gridlocked (2015)	Action
Smitty (2012)	Drama|Family
Killer at Large (2008)	Documentary
Young Adam (2003)	Crime|Drama
The Other One: The Long, Strange Trip of Bob Weir (2014)	Documentary|Biography|Music
La premiÌ¬re Ì©toile (2009)	Comedy
Operation: Endgame (2010)	Action|Comedy
Freetown (2015)	Action|Drama|Thriller
Adoration (2008)	Drama|Romance
The Borrowers (2011)	Comedy|Family|Fantasy
A Fork in the Road (2009)	Comedy|Crime
Love Sick Love (2012)	Thriller
Logan's War: Bound by Honor (1998)	Action|Drama|Thriller
Killswitch (2014)	Documentary|Drama
That Sugar Film (2014)	Documentary
Weather Girl (2009)	Comedy
Elevator Girl (2010)	Comedy|Family|Romance
The Hundred-Foot Journey (2014)	Comedy|Drama
Justice League: The New Frontier (2008)	Animation|Action|Adventure
A.K.A. Don Bonus (1995)	Documentary
El 7å¼ dÌ_a (2004)	Crime|Drama|Horror
Dead Awake (2010)	Fantasy|Mystery|Romance
Bayaning 3rd World (2000)	Drama
In Between Days (2006)	Drama
The Triumph of Love (2001)	Comedy|Romance
Felt (2014)	Drama|Horror|Romance
Hate Story (2012)	Drama|Thriller
The Ladies Man (2000)	Comedy
Star Trek: Nemesis (2002)	Action|Adventure|Sci-Fi
3å¡ kÌ_lter (2005)	Drama|Romance
Al final del tÌ¼nel (2016)	Crime|Thriller
The Art of Flight (2011)	Documentary|Adventure|Sport
This Is Normal (2013)	Short|Drama
Pirate's Passage (2015)	Animation|Fantasy
A Star for Christmas (2012)	Comedy|Drama|Romance
Finding a Family (2011)	Drama
Shark Attack 2 (2000)	Horror|Thriller
Girl Model (2011)	Documentary|Thriller
Soldier of God (2005)	Drama
Mum & Dad (2008)	Horror|Thriller
Palestine Is Still the Issue (2003)	Documentary
Open Season (2006)	Animation|Adventure|Comedy
Jamí_n, Jamí_n (1992)	Comedy|Drama|Romance
Paraiso Travel (2008)	Drama
George Carlin: Life Is Worth Losing (2005)	Documentary|Comedy
Travelers and Magicians (2003)	Drama|Adventure
Io sono l'amore (2009)	Drama|Romance
MÌ_nnerherzen (2009)	Comedy
Harrison's Flowers (2000)	Drama|Romance|War
Nice Guy (2012)	Crime|Drama
Death Warrior (2009)	Action|Drama|Horror
Ernest Goes to School (1994)	Comedy|Family|Sport
Curtis's Charm (1995)	Comedy|Drama
The Identical (2014)	Drama|Music
Before Night Falls (2000)	Biography|Drama|Romance
The Doctor (1991)	Drama
Polis (2007)	Action|Comedy|Crime
Ice Quake (2010)	Action|Sci-Fi|Thriller
Daylight (1996)	Action|Adventure|Drama
Jesse Stone: Stone Cold (2005)	Crime|Drama|Mystery
Der freie Wille (2006)	Crime|Drama
Lake of Fire (2006)	Documentary
Lights Out (2010)	Drama|Mystery|Thriller
Private Romeo (2011)	Drama|Romance
Oyster Farmer (2004)	Comedy|Crime|Drama
Justice League: The New Frontier (2008)	Animation|Action|Adventure
Go for Sisters (2013)	Crime|Drama|Thriller
The Legend of Sarila (2013)	Animation|Adventure|Family
The Era of Vampires (2003)	Horror|Action
The Gift (2000)	Drama|Fantasy|Horror
Chuck Norris vs. Communism (2015)	Documentary|Comedy|History
El Clan (2015)	Biography|Crime|Drama
The Last Rites of Ransom Pride (2010)	Drama|Thriller|Western
xXx: State of the Union (2005)	Action|Adventure|Crime
The Pilot's Wife (2002)	Drama
The Expedition (2008)	Horror
Repeaters (2010)	Action|Crime|Drama
Marianne (2011)	Drama|Fantasy|Horror
Soloalbum (2003)	Comedy|Romance
Quarantine (2008)	Horror|Sci-Fi|Thriller
Han Gong-ju (2013)	Drama
Freeloaders (2012)	Comedy
The Contract (2006)	Action|Crime|Drama
The Butterfly Room (2012)	Horror|Thriller
4 (2004)	Drama|Mystery|Sci-Fi
The Chí¢teau (2001)	Comedy|Drama|Romance
Wet Hot American Summer (2001)	Comedy|Romance
Let's Talk About Sex (1998)	Drama
Kotsutsubo (2012)	Horror
Amsal (2015)	Drama|History|Thriller
Fine Things (1990)	Drama|Romance
Lifepod (1993)	Mystery|Sci-Fi|Thriller
Faust (1994)	Animation|Comedy|Drama
Jerry and Tom (1998)	Comedy|Crime|Drama
Shaitani Ilaaka (1990)	Horror
Scott Pilgrim vs. the World (2010)	Action|Comedy|Fantasy
Triggermen (2002)	Crime|Comedy
Dark Blue (2002)	Crime|Drama|Thriller
Le cas Pinochet (2001)	Documentary
From Within (2008)	Horror|Mystery|Thriller
Cookers (2001)	Drama|Horror
Get Your Stuff (2000)	Comedy|Drama
The Canyon (2009)	Thriller
Broken Blade: Scars from an Assassin's Blade (2010)	Animation|Action|Drama
Doomsday Prophecy (2011)	Sci-Fi
The Exorcism of Emily Rose (2005)	Drama|Horror|Thriller
Balls to the Wall (2011)	Comedy
Mortal Thoughts (1991)	Mystery|Thriller
Full Tilt Boogie (1997)	Documentary
Black Robe (1991)	Adventure|Drama|History
Un fidanzato per mia moglie (2014)	Comedy
Phantasm IV: Oblivion (1998)	Fantasy|Horror|Sci-Fi
A Century of Cinema (1994)	Documentary
Red Hill (2010)	Thriller|Western
VeggieTales: Madame Blueberry (1998)	Animation|Short|Family
Joshua Tree, 1951: A Portrait of James Dean (2012)	Drama
Batman: The Dark Knight Returns, Part 1 (2012)	Animation|Action|Adventure
Barbie of Swan Lake (2003)	Animation|Family
Forgiven (2007)	Drama
Las mantenidas sin sueÌ±os (2005)	Comedy|Drama
Merchants of Doubt (2014)	Documentary
Rodinny film (2015)	Drama
Kill List (2011)	Crime|Drama|Horror
Something's Gotta Give (2003)	Comedy|Drama|Romance
Last Hijack (2014)	Documentary|Animation
Another World (2014)	Documentary|Biography|Drama
Hours (2013)	Drama|Thriller
Forever Mine (1999)	Crime|Drama|Romance
Dong-chang-saeng (2013)	Action|Drama
Tales from the Darkside: The Movie (1990)	Comedy|Fantasy|Horror
SPL: Sha po lang (2005)	Action|Crime|Thriller
Air Bud: Golden Receiver (1998)	Comedy|Family|Sport
My Name Is Emily (2015)	Drama
Assassins (1995)	Action|Crime|Thriller
Hogfather (2006)	Adventure|Fantasy|Thriller
Below Sea Level (2008)	Documentary
SynguÌ© sabour, pierre de patience (2012)	Drama|War
Ernest Rides Again (1993)	Family|Comedy
Thumbsucker (2005)	Comedy|Drama
Connie and Carla (2004)	Comedy|Crime|Music
Fay Grim (2006)	Action|Comedy|Thriller
CSNY/DÌ©jÌÊ Vu (2008)	Documentary|Music
Mother's Day (2010)	Horror|Thriller
A Hole in My Heart (2004)	Drama
The Brandon Teena Story (1998)	Documentary|Biography
I Am Omega (2007)	Action|Horror|Sci-Fi
Miss Meadows (2014)	Drama|Thriller
Iklimler (2006)	Drama
Helicopter Mom (2014)	Comedy
Freier Fall (2013)	Drama|Romance
Matka minuksi (2014)	Documentary|Drama
Juno (2007)	Comedy|Drama
The Cost of Love (2011)	Comedy|Drama|Romance
50 Children: The Rescue Mission of Mr. And Mrs. Kraus (2013)	Documentary
Terry Fator: Live from Las Vegas (2009)	Comedy
Land and Freedom (1995)	Drama|War
RÌ¦llin sydÌ_n (2007)	Animation|Adventure|Family
Robot Chicken: Star Wars (2007)	Animation|Short|Comedy
Il ricco, il povero e il maggiordomo (2014)	Comedy
Voyage to the Beginning of the World (1997)	Biography|Drama
Welcome to Woop Woop (1997)	Adventure|Comedy|Fantasy
Pontiac Moon (1994)	Drama
Traded (2016)	Action|Western
3-Headed Shark Attack (2015)	Action|Horror|Sci-Fi
Our Times (2015)	Comedy|Romance
Dark Horse (2011)	Comedy|Drama
Babysitting (2014)	Comedy
Empire (2002)	Crime|Drama|Thriller
Sick Boy (2012)	Horror|Thriller
Road Wars (2015)	Action|Sci-Fi
Backcountry (2014)	Drama|Horror|Thriller
The Unknown Soldier (2006)	Documentary|History
Cloverfield (2008)	Action|Horror|Sci-Fi
Ride or Die (2003)	Action|Crime|Music
Barrela: Escola de Crimes (1990)	Drama
Angel Eyes (2001)	Drama|Romance
Mad Max: Fury Road (2015)	Action|Adventure|Sci-Fi
The Women (2008)	Comedy|Drama
Strana Oz (2015)	Comedy
Behind Enemy Lines: Colombia (2009)	Action|Thriller
Something Ventured (2011)	Documentary|Biography|History
Oscar (1991)	Comedy|Crime
Lift (2006)	Thriller
Still Alice (2014)	Drama
Das Rad (2003)	Animation|Short|Comedy
Peep World (2010)	Comedy|Drama
Sof Ha'Olam Smola (2004)	Drama|Romance
The Fog of War: Eleven Lessons from the Life of Robert S. McNamara (2003)	Documentary|Biography|History
The Falls (2012)	Drama|Romance
Cea mai fericitÌ£ fatÌ£ din lume (2009)	Comedy|Drama
Inside Llewyn Davis (2013)	Drama|Music
